Date,smooth_close,smooth_troughs,smooth_peaks,close_troughs,close_peaks,ma25,ma50,ma100,ma200,macd_short,macd_long,MACD,MACD_signal,macd_distance,macd_troughs,macd_peaks,PnL1,PnL2,PnL3,PnL4,PnL5,PnL6,PnL7,PnL8,PnL1_days,PnL2_days,PnL3_days,PnL4_days,PnL5_days,PnL6_days,PnL7_days,PnL8_days,rsi_up_chg,rsi_down_chg,rsi_up_chg_avg,rsi_down_chg_avg,rsi_rs,RSI,rsi_troughs,rsi_peaks,rsi_distance,fastK,fastD,fast_troughs,fast_peaks,slowK,slowD,slow_troughs,slow_peaks,ATR,smooth_atr,atr_troughs,atr_peaks,dist_no25,dist_no200,dist_all4,all_no25,no200_no25,all_no200,all4_up,no25_up,no200_up,bull_start,bull,bull_retrace,bull_end,bear_start,bear,bear_recovery,bear_end,smooth_p1,smooth_p2,smooth_p3,smooth_t1,smooth_t2,smooth_t3,smooth_p1_date,smooth_p2_date,smooth_p3_date,smooth_t1_date,smooth_t2_date,smooth_t3_date,smooth_diff_0,smooth_diff_1,smooth_diff_2,smooth_diff_3,smooth_diff_4,smooth_diff_5,smooth_day_0,smooth_day_1,smooth_day_2,smooth_day_3,smooth_day_4,smooth_day_5,smooth_angle_0,smooth_angle_1,smooth_angle_2,smooth_angle_3,smooth_angle_4,smooth_angle_5,close_p1,close_p2,close_p3,close_t1,close_t2,close_t3,close_p1_date,close_p2_date,close_p3_date,close_t1_date,close_t2_date,close_t3_date,atr_p1,atr_p2,atr_p3,atr_t1,atr_t2,atr_t3,atr_p1_date,atr_p2_date,atr_p3_date,atr_t1_date,atr_t2_date,atr_t3_date,v3,v2,v1,v3p,v2p,v1p,macd_p1,macd_p2,macd_p3,macd_t1,macd_t2,macd_t3,macd_p1_signal,macd_p2_signal,macd_p3_signal,macd_t1_signal,macd_t2_signal,macd_t3_signal,slow_p1,slow_p2,slow_p3,slow_t1,slow_t2,slow_t3,fast_p1,fast_p2,fast_p3,fast_t1,fast_t2,fast_t3,rsi_p1,rsi_p2,rsi_p3,rsi_t1,rsi_t2,rsi_t3,macd_p1_date,macd_p2_date,macd_p3_date,macd_t1_date,macd_t2_date,macd_t3_date,macd_p1_days,macd_p2_days,macd_p3_days,macd_t1_days,macd_t2_days,macd_t3_days,slow_p1_date,slow_p2_date,slow_p3_date,slow_t1_date,slow_t2_date,slow_t3_date,fast_p1_date,fast_p2_date,fast_p3_date,fast_t1_date,fast_t2_date,fast_t3_date,rsi_p1_date,rsi_p2_date,rsi_p3_date,rsi_t1_date,rsi_t2_date,rsi_t3_date,minsmcp,maxsmcp,minsmct,maxsmct,mincp,maxcp,minct,maxct,minmp,maxmp,minmt,maxmt,minsp,maxsp,minst,maxst,minfp,maxfp,minft,maxft,minrp,maxrp,minrt,maxrt,mp_positives,mt_positives,vol_n2p,vol_p2p,vol_p2n,vol_n2n,vol_hist5,vol_hist4,vol_hist3,vol_hist2,vol_hist1,life5,life4,life3,life2,life1,buy_call,sell_call
2019-07-03,0.31281,,,,,0.31,0.31,0.31,0.31,0.31,0.31,0.0,0.0,0.0,,,12.85,-47.59,16.76,-59.72,41.38,-0.81,,,7.0,455.0,46.0,62.0,32.0,1.0,,,,,,,,,,,,,,,,,,,,0.0,0.0,,,-0.0,-0.0,-0.0,0.0,0.0,0.0,0.0,0.0,0.0,,,,,0.15,,,,0.0,0.0,0.0,0.0,0.0,0.0,1999-01-01,1999-01-01,1999-01-01,1999-01-01,1999-01-01,1999-01-01,,,,,,,0.0,0.0,0.0,0.0,0.0,0.0,0.0,0.0,0.0,0.0,0.0,0.0,0.0,0.0,0.0,0.0,0.0,0.0,1999-01-01,1999-01-01,1999-01-01,1999-01-01,1999-01-01,1999-01-01,0.0,0.0,0.0,0.0,0.0,0.0,1999-01-01,1999-01-01,1999-01-01,1999-01-01,1999-01-01,1999-01-01,0.0,0.0,40500.0,0.0,0.0,4050000.0,0.0,0.0,0.0,100.0,100.0,100.0,0.0,0.0,0.0,100.0,100.0,100.0,0.0,0.0,0.0,100.0,100.0,100.0,0.0,0.0,0.0,100.0,100.0,100.0,0.0,0.0,0.0,100.0,100.0,100.0,1999-01-01,1999-01-01,1999-01-01,1999-01-01,1999-01-01,1999-01-01,0.0,0.0,0.0,0.0,0.0,0.0,1999-01-01,1999-01-01,1999-01-01,1999-01-01,1999-01-01,1999-01-01,1999-01-01,1999-01-01,1999-01-01,1999-01-01,1999-01-01,1999-01-01,1999-01-01,1999-01-01,1999-01-01,1999-01-01,1999-01-01,1999-01-01,0.0,0.0,0.0,0.0,0.0,0.0,0.0,0.0,0.0,0.0,0.0,0.0,0.0,0.0,0.0,0.0,0.0,0.0,0.0,0.0,0.0,0.0,0.0,0.0,1.0,1.0,,,,,,,,,,Life.Empty,Life.Empty,Life.Empty,Life.Empty,Life.BearStart,,
2019-07-04,0.31854,,,,,0.31038,0.3102,0.3101,0.31005,0.31077,0.31037,0.0004,8e-05,0.00032,,,10.82,-47.59,16.76,-59.72,41.38,-0.81,,,6.0,455.0,46.0,62.0,32.0,1.0,,,0.005,0.0,,,,,,,,,,,,,,,,0.00036,0.00116,,,0.0015,0.0028,0.0033,0.0018,0.0013,0.0005,1.0,1.0,1.0,,0.15,,,,,,,0.0,0.0,0.0,0.0,0.0,0.0,1999-01-01,1999-01-01,1999-01-01,1999-01-01,1999-01-01,1999-01-01,,,,,,,0.0,0.0,0.0,0.0,0.0,0.0,0.0,0.0,0.0,0.0,0.0,0.0,0.0,0.0,0.0,0.0,0.0,0.0,1999-01-01,1999-01-01,1999-01-01,1999-01-01,1999-01-01,1999-01-01,0.0,0.0,0.0,0.0,0.0,0.0,1999-01-01,1999-01-01,1999-01-01,1999-01-01,1999-01-01,1999-01-01,0.0,40500.0,30500.0,0.0,4050000.0,75.31,0.0,0.0,0.0,100.0,100.0,100.0,0.0,0.0,0.0,100.0,100.0,100.0,0.0,0.0,0.0,100.0,100.0,100.0,0.0,0.0,0.0,100.0,100.0,100.0,0.0,0.0,0.0,100.0,100.0,100.0,1999-01-01,1999-01-01,1999-01-01,1999-01-01,1999-01-01,1999-01-01,0.0,0.0,0.0,0.0,0.0,0.0,1999-01-01,1999-01-01,1999-01-01,1999-01-01,1999-01-01,1999-01-01,1999-01-01,1999-01-01,1999-01-01,1999-01-01,1999-01-01,1999-01-01,1999-01-01,1999-01-01,1999-01-01,1999-01-01,1999-01-01,1999-01-01,0.0,0.0,0.0,0.0,0.0,0.0,0.0,0.0,0.0,0.0,0.0,0.0,0.0,0.0,0.0,0.0,0.0,0.0,0.0,0.0,0.0,0.0,0.0,0.0,1.0,1.0,,,,,,,,,,Life.Empty,Life.Empty,Life.Empty,Life.BearStart,Life.Bull,,
2019-07-05,0.32469,,,,,0.31074,0.31038,0.3102,0.3101,0.31142,0.31071,0.00071,0.00021,0.0005,,,8.72,-47.59,16.76,-59.72,41.38,-0.81,,,5.0,455.0,46.0,62.0,32.0,1.0,,,0.0,0.0,,,,,,,,,,,,,,,,0.0014,0.00209,,,0.0028,0.0054,0.0064,0.0036,0.0026,0.001,1.0,1.0,1.0,,0.15,,,,,,,0.0,0.0,0.0,0.0,0.0,0.0,1999-01-01,1999-01-01,1999-01-01,1999-01-01,1999-01-01,1999-01-01,,,,,,,0.0,0.0,0.0,0.0,0.0,0.0,0.0,0.0,0.0,0.0,0.0,0.0,0.0,0.0,0.0,0.0,0.0,0.0,1999-01-01,1999-01-01,1999-01-01,1999-01-01,1999-01-01,1999-01-01,0.0,0.0,0.0,0.0,0.0,0.0,1999-01-01,1999-01-01,1999-01-01,1999-01-01,1999-01-01,1999-01-01,40500.0,30500.0,5000.0,4050000.0,75.31,7.04,0.0,0.0,0.0,100.0,100.0,100.0,0.0,0.0,0.0,100.0,100.0,100.0,0.0,0.0,0.0,100.0,100.0,100.0,0.0,0.0,0.0,100.0,100.0,100.0,0.0,0.0,0.0,100.0,100.0,100.0,1999-01-01,1999-01-01,1999-01-01,1999-01-01,1999-01-01,1999-01-01,0.0,0.0,0.0,0.0,0.0,0.0,1999-01-01,1999-01-01,1999-01-01,1999-01-01,1999-01-01,1999-01-01,1999-01-01,1999-01-01,1999-01-01,1999-01-01,1999-01-01,1999-01-01,1999-01-01,1999-01-01,1999-01-01,1999-01-01,1999-01-01,1999-01-01,0.0,0.0,0.0,0.0,0.0,0.0,0.0,0.0,0.0,0.0,0.0,0.0,0.0,0.0,0.0,0.0,0.0,0.0,0.0,0.0,0.0,0.0,0.0,0.0,1.0,1.0,,,,,,,,,,Life.Empty,Life.Empty,Life.Empty,Life.BearStart,Life.Bull,,
2019-07-08,0.33155,,,,,0.31222,0.31115,0.31059,0.3103,0.31428,0.31214,0.00214,0.00059,0.00155,,,6.47,-47.59,16.76,-59.72,41.38,-0.81,,,4.0,455.0,46.0,62.0,32.0,1.0,,,0.015,0.0,,,,,,,,,,,,,,,,0.00309,0.00323,,,0.0085,0.0163,0.0192,0.0107,0.0078,0.0029,1.0,1.0,1.0,,0.15,,,,,,,0.0,0.0,0.0,0.0,0.0,0.0,1999-01-01,1999-01-01,1999-01-01,1999-01-01,1999-01-01,1999-01-01,,,,,,,0.0,0.0,0.0,0.0,0.0,0.0,0.0,0.0,0.0,0.0,0.0,0.0,0.0,0.0,0.0,0.0,0.0,0.0,1999-01-01,1999-01-01,1999-01-01,1999-01-01,1999-01-01,1999-01-01,0.0,0.0,0.0,0.0,0.0,0.0,1999-01-01,1999-01-01,1999-01-01,1999-01-01,1999-01-01,1999-01-01,30500.0,5000.0,3000.0,75.31,7.04,-49.34,0.0,0.0,0.0,100.0,100.0,100.0,0.0,0.0,0.0,100.0,100.0,100.0,0.0,0.0,0.0,100.0,100.0,100.0,0.0,0.0,0.0,100.0,100.0,100.0,0.0,0.0,0.0,100.0,100.0,100.0,1999-01-01,1999-01-01,1999-01-01,1999-01-01,1999-01-01,1999-01-01,0.0,0.0,0.0,0.0,0.0,0.0,1999-01-01,1999-01-01,1999-01-01,1999-01-01,1999-01-01,1999-01-01,1999-01-01,1999-01-01,1999-01-01,1999-01-01,1999-01-01,1999-01-01,1999-01-01,1999-01-01,1999-01-01,1999-01-01,1999-01-01,1999-01-01,0.0,0.0,0.0,0.0,0.0,0.0,0.0,0.0,0.0,0.0,0.0,0.0,0.0,0.0,0.0,0.0,0.0,0.0,0.0,0.0,0.0,0.0,0.0,0.0,1.0,1.0,,,3000,,,,,,p2n,Life.Empty,Life.Empty,Life.Empty,Life.BearStart,Life.Bull,,
2019-07-09,0.33893,,,,,0.31436,0.31228,0.31117,0.31059,0.31824,0.31421,0.00403,0.00128,0.00275,,,4.15,-47.59,16.76,-59.72,41.38,-0.81,,,3.0,455.0,46.0,62.0,32.0,1.0,,,0.01,0.0,,,,,,,,,,,,,,,,0.00394,0.00517,,,0.0169,0.0319,0.0377,0.0208,0.015,0.0058,1.0,1.0,1.0,,0.15,,,,,,,0.0,0.0,0.0,0.0,0.0,0.0,1999-01-01,1999-01-01,1999-01-01,1999-01-01,1999-01-01,1999-01-01,,,,,,,0.0,0.0,0.0,0.0,0.0,0.0,0.0,0.0,0.0,0.0,0.0,0.0,0.0,0.0,0.0,0.0,0.0,0.0,1999-01-01,1999-01-01,1999-01-01,1999-01-01,1999-01-01,1999-01-01,0.0,0.0,0.0,0.0,0.0,0.0,1999-01-01,1999-01-01,1999-01-01,1999-01-01,1999-01-01,1999-01-01,5000.0,3000.0,4000.0,7.04,-49.34,-68.83,0.0,0.0,0.0,100.0,100.0,100.0,0.0,0.0,0.0,100.0,100.0,100.0,0.0,0.0,0.0,100.0,100.0,100.0,0.0,0.0,0.0,100.0,100.0,100.0,0.0,0.0,0.0,100.0,100.0,100.0,1999-01-01,1999-01-01,1999-01-01,1999-01-01,1999-01-01,1999-01-01,0.0,0.0,0.0,0.0,0.0,0.0,1999-01-01,1999-01-01,1999-01-01,1999-01-01,1999-01-01,1999-01-01,1999-01-01,1999-01-01,1999-01-01,1999-01-01,1999-01-01,1999-01-01,1999-01-01,1999-01-01,1999-01-01,1999-01-01,1999-01-01,1999-01-01,0.0,0.0,0.0,0.0,0.0,0.0,0.0,0.0,0.0,0.0,0.0,0.0,0.0,0.0,0.0,0.0,0.0,0.0,0.0,0.0,0.0,0.0,0.0,0.0,1.0,1.0,,,,,,,,p2n,,Life.Empty,Life.Empty,Life.Empty,Life.BearStart,Life.Bull,,
2019-07-10,0.34579,,,,,0.31672,0.31357,0.31184,0.31093,0.32235,0.31649,0.00587,0.0022,0.00367,,,2.08,-47.59,16.76,-59.72,41.38,-0.81,,,2.0,455.0,46.0,62.0,32.0,1.0,,,0.005,0.0,,,,,,,,,,,,,,,,0.00402,0.0076,,,0.0264,0.0488,0.0579,0.0315,0.0224,0.0091,1.0,1.0,1.0,,0.15,,,,,,,0.0,0.0,0.0,0.0,0.0,0.0,1999-01-01,1999-01-01,1999-01-01,1999-01-01,1999-01-01,1999-01-01,,,,,,,0.0,0.0,0.0,0.0,0.0,0.0,0.0,0.0,0.0,0.0,0.0,0.0,0.0,0.0,0.0,0.0,0.0,0.0,1999-01-01,1999-01-01,1999-01-01,1999-01-01,1999-01-01,1999-01-01,0.0,0.0,0.0,0.0,0.0,0.0,1999-01-01,1999-01-01,1999-01-01,1999-01-01,1999-01-01,1999-01-01,3000.0,4000.0,1000.0,-49.34,-68.83,-33.33,0.0,0.0,0.0,100.0,100.0,100.0,0.0,0.0,0.0,100.0,100.0,100.0,0.0,0.0,0.0,100.0,100.0,100.0,0.0,0.0,0.0,100.0,100.0,100.0,0.0,0.0,0.0,100.0,100.0,100.0,1999-01-01,1999-01-01,1999-01-01,1999-01-01,1999-01-01,1999-01-01,0.0,0.0,0.0,0.0,0.0,0.0,1999-01-01,1999-01-01,1999-01-01,1999-01-01,1999-01-01,1999-01-01,1999-01-01,1999-01-01,1999-01-01,1999-01-01,1999-01-01,1999-01-01,1999-01-01,1999-01-01,1999-01-01,1999-01-01,1999-01-01,1999-01-01,0.0,0.0,0.0,0.0,0.0,0.0,0.0,0.0,0.0,0.0,0.0,0.0,0.0,0.0,0.0,0.0,0.0,0.0,0.0,0.0,0.0,0.0,0.0,0.0,1.0,1.0,,,,,,,p2n,,,Life.Empty,Life.Empty,Life.Empty,Life.BearStart,Life.Bull,,
2019-07-11,0.3507,,,,,0.31928,0.315,0.3126,0.31132,0.32661,0.31897,0.00764,0.00328,0.00435,,,0.66,-47.59,16.76,-59.72,41.38,-0.81,,,1.0,455.0,46.0,62.0,32.0,1.0,,,0.005,0.0,,,,,,,,,,,,91.07143,,,,0.00444,0.01071,,,0.0368,0.0668,0.0796,0.0428,0.03,0.0128,1.0,1.0,1.0,,0.15,,,,,,,0.0,0.0,0.0,0.0,0.0,0.0,1999-01-01,1999-01-01,1999-01-01,1999-01-01,1999-01-01,1999-01-01,,,,,,,0.0,0.0,0.0,0.0,0.0,0.0,0.0,0.0,0.0,0.0,0.0,0.0,0.0,0.0,0.0,0.0,0.0,0.0,1999-01-01,1999-01-01,1999-01-01,1999-01-01,1999-01-01,1999-01-01,0.0,0.0,0.0,0.0,0.0,0.0,1999-01-01,1999-01-01,1999-01-01,1999-01-01,1999-01-01,1999-01-01,4000.0,1000.0,3000.0,-68.83,-33.33,0.0,0.0,0.0,0.0,100.0,100.0,100.0,0.0,0.0,0.0,100.0,100.0,100.0,0.0,0.0,0.0,100.0,100.0,100.0,0.0,0.0,0.0,100.0,100.0,100.0,0.0,0.0,0.0,100.0,100.0,100.0,1999-01-01,1999-01-01,1999-01-01,1999-01-01,1999-01-01,1999-01-01,0.0,0.0,0.0,0.0,0.0,0.0,1999-01-01,1999-01-01,1999-01-01,1999-01-01,1999-01-01,1999-01-01,1999-01-01,1999-01-01,1999-01-01,1999-01-01,1999-01-01,1999-01-01,1999-01-01,1999-01-01,1999-01-01,1999-01-01,1999-01-01,1999-01-01,0.0,0.0,0.0,0.0,0.0,0.0,0.0,0.0,0.0,0.0,0.0,0.0,0.0,0.0,0.0,0.0,0.0,0.0,0.0,0.0,0.0,0.0,0.0,0.0,1.0,1.0,,,,,,p2n,,,,Life.Empty,Life.Empty,Life.Empty,Life.BearStart,Life.Bull,,
2019-07-12,0.35288,,0.353,,,0.32164,0.31637,0.31334,0.31171,0.33021,0.32127,0.00894,0.00442,0.00452,,,-47.57,16.76,-59.72,41.38,-0.81,,,,455.0,46.0,62.0,32.0,1.0,,,,0.0,0.0,,,,,,,,,,,,89.16667,,,,0.00413,0.0144,,,0.0466,0.083,0.0993,0.0527,0.0364,0.0163,1.0,1.0,1.0,,0.15,,,,,,,0.0,0.0,0.0,0.0,0.0,0.0,1999-01-01,1999-01-01,1999-01-01,1999-01-01,1999-01-01,1999-01-01,,,,,,,0.0,0.0,0.0,0.0,0.0,0.0,0.0,0.0,0.0,0.0,0.0,0.0,0.0,0.0,0.0,0.0,0.0,0.0,1999-01-01,1999-01-01,1999-01-01,1999-01-01,1999-01-01,1999-01-01,0.0,0.0,0.0,0.0,0.0,0.0,1999-01-01,1999-01-01,1999-01-01,1999-01-01,1999-01-01,1999-01-01,1000.0,3000.0,5000.0,-33.33,0.0,12.5,0.0,0.0,0.0,100.0,100.0,100.0,0.0,0.0,0.0,100.0,100.0,100.0,0.0,0.0,0.0,100.0,100.0,100.0,0.0,0.0,0.0,100.0,100.0,100.0,0.0,0.0,0.0,100.0,100.0,100.0,1999-01-01,1999-01-01,1999-01-01,1999-01-01,1999-01-01,1999-01-01,0.0,0.0,0.0,0.0,0.0,0.0,1999-01-01,1999-01-01,1999-01-01,1999-01-01,1999-01-01,1999-01-01,1999-01-01,1999-01-01,1999-01-01,1999-01-01,1999-01-01,1999-01-01,1999-01-01,1999-01-01,1999-01-01,1999-01-01,1999-01-01,1999-01-01,0.0,0.0,0.0,0.0,0.0,0.0,0.0,0.0,0.0,0.0,0.0,0.0,0.0,0.0,0.0,0.0,0.0,0.0,0.0,0.0,0.0,0.0,0.0,0.0,1.0,1.0,,,,,p2n,,,,,Life.Empty,Life.Empty,Life.Empty,Life.BearStart,Life.Bull,,
2019-07-15,0.35094,,,,,0.32651,0.31906,0.31476,0.31244,0.33864,0.32599,0.01265,0.00606,0.00659,,,-47.28,16.76,-59.72,41.38,-0.81,,,,454.0,46.0,62.0,32.0,1.0,,,,0.035,0.0,,,,,,,,,,,,89.16667,89.80159,89.167,,0.00633,0.01827,,,0.0662,0.1175,0.1407,0.0745,0.0513,0.0232,1.0,1.0,1.0,,0.15,,,,,,,0.0,0.0,0.0,0.0,0.0,0.0,1999-01-01,1999-01-01,1999-01-01,1999-01-01,1999-01-01,1999-01-01,,,,,,,0.0,0.0,0.0,0.0,0.0,0.0,0.0,0.0,0.0,0.0,0.0,0.0,0.0,0.0,0.0,0.0,0.0,0.0,1999-01-01,1999-01-01,1999-01-01,1999-01-01,1999-01-01,1999-01-01,0.0,0.0,0.0,0.0,0.0,0.0,1999-01-01,1999-01-01,1999-01-01,1999-01-01,1999-01-01,1999-01-01,3000.0,5000.0,7000.0,0.0,12.5,66.66,0.0,0.0,0.0,100.0,100.0,100.0,0.0,0.0,0.0,100.0,100.0,100.0,0.0,0.0,0.0,89.167,100.0,100.0,0.0,0.0,0.0,100.0,100.0,100.0,0.0,0.0,0.0,100.0,100.0,100.0,1999-01-01,1999-01-01,1999-01-01,1999-01-01,1999-01-01,1999-01-01,0.0,0.0,0.0,0.0,0.0,0.0,1999-01-01,1999-01-01,1999-01-01,2019-07-15,1999-01-01,1999-01-01,1999-01-01,1999-01-01,1999-01-01,1999-01-01,1999-01-01,1999-01-01,1999-01-01,1999-01-01,1999-01-01,1999-01-01,1999-01-01,1999-01-01,0.0,0.0,0.0,0.0,0.0,0.0,0.0,0.0,0.0,0.0,0.0,0.0,0.0,0.0,1.0,0.0,0.0,0.0,0.0,0.0,0.0,0.0,0.0,0.0,1.0,1.0,,7000,,,,,,,p2p,Life.Empty,Life.Empty,Life.Empty,Life.BearStart,Life.Bull,,
2019-07-16,0.34376,,,,,0.33217,0.32223,0.31644,0.31331,0.34808,0.33147,0.01661,0.00817,0.00843,,,-46.18,16.76,-59.72,41.38,-0.81,,,,453.0,46.0,62.0,32.0,1.0,,,,0.015,0.0,,,,,,,,,,,,93.33333,90.55556,,,0.00695,0.02214,,,0.0892,0.1573,0.1886,0.0994,0.0681,0.0313,1.0,1.0,1.0,,0.15,,,,,,,0.0,0.0,0.0,0.0,0.0,0.0,1999-01-01,1999-01-01,1999-01-01,1999-01-01,1999-01-01,1999-01-01,,,,,,,0.0,0.0,0.0,0.0,0.0,0.0,0.0,0.0,0.0,0.0,0.0,0.0,0.0,0.0,0.0,0.0,0.0,0.0,1999-01-01,1999-01-01,1999-01-01,1999-01-01,1999-01-01,1999-01-01,0.0,0.0,0.0,0.0,0.0,0.0,1999-01-01,1999-01-01,1999-01-01,1999-01-01,1999-01-01,1999-01-01,5000.0,7000.0,1000.0,12.5,66.66,-13.33,0.0,0.0,0.0,100.0,100.0,100.0,0.0,0.0,0.0,100.0,100.0,100.0,0.0,0.0,0.0,89.167,100.0,100.0,0.0,0.0,0.0,100.0,100.0,100.0,0.0,0.0,0.0,100.0,100.0,100.0,1999-01-01,1999-01-01,1999-01-01,1999-01-01,1999-01-01,1999-01-01,0.0,0.0,0.0,0.0,0.0,0.0,1999-01-01,1999-01-01,1999-01-01,2019-07-15,1999-01-01,1999-01-01,1999-01-01,1999-01-01,1999-01-01,1999-01-01,1999-01-01,1999-01-01,1999-01-01,1999-01-01,1999-01-01,1999-01-01,1999-01-01,1999-01-01,0.0,0.0,0.0,0.0,0.0,0.0,0.0,0.0,0.0,0.0,0.0,0.0,0.0,0.0,1.0,0.0,0.0,0.0,0.0,0.0,0.0,0.0,0.0,0.0,1.0,1.0,,,1000,,,,,p2p,p2n,Life.Empty,Life.Empty,Life.Empty,Life.BearStart,Life.Bull,,
2019-07-17,0.33083,,,,0.405,0.33777,0.32548,0.3182,0.31422,0.35683,0.33692,0.01992,0.01052,0.0094,,0.02,-44.08,16.76,-59.72,41.38,-0.81,,,,452.0,46.0,62.0,32.0,1.0,,,,0.005,0.0,,,,,,,,,,,,100.0,94.16667,,100.0,0.00681,0.0264,,,0.1126,0.1957,0.2355,0.1229,0.0831,0.0398,1.0,1.0,1.0,,0.15,,,,,,,0.0,0.0,0.0,0.0,0.0,0.0,1999-01-01,1999-01-01,1999-01-01,1999-01-01,1999-01-01,1999-01-01,,,,,,,0.0,0.0,0.0,0.0,0.0,0.0,0.0,0.0,0.0,0.0,0.0,0.0,0.405,0.0,0.0,0.0,0.0,0.0,2019-07-17,1999-01-01,1999-01-01,1999-01-01,1999-01-01,1999-01-01,0.0,0.0,0.0,0.0,0.0,0.0,1999-01-01,1999-01-01,1999-01-01,1999-01-01,1999-01-01,1999-01-01,7000.0,1000.0,2000.0,66.66,-13.33,-23.08,0.02,0.0,0.0,100.0,100.0,100.0,0.01052,0.0,0.0,100.0,100.0,100.0,100.0,0.0,0.0,89.167,100.0,100.0,0.0,0.0,0.0,100.0,100.0,100.0,0.0,0.0,0.0,100.0,100.0,100.0,2019-07-17,1999-01-01,1999-01-01,1999-01-01,1999-01-01,1999-01-01,7502.0,0.0,0.0,0.0,0.0,0.0,2019-07-17,1999-01-01,1999-01-01,2019-07-15,1999-01-01,1999-01-01,1999-01-01,1999-01-01,1999-01-01,1999-01-01,1999-01-01,1999-01-01,1999-01-01,1999-01-01,1999-01-01,1999-01-01,1999-01-01,1999-01-01,0.0,0.0,0.0,0.0,0.0,1.0,0.0,0.0,0.0,1.0,0.0,0.0,0.0,1.0,1.0,0.0,0.0,0.0,0.0,0.0,0.0,0.0,0.0,0.0,1.0,1.0,,,,,,,p2p,p2n,,Life.Empty,Life.Empty,Life.Empty,Life.BearStart,Life.Bull,,
2020-06-05,0.31246,,,,,0.33717,0.32566,0.31843,0.31438,0.35271,0.33641,0.0163,0.01168,0.00462,,,-40.79,16.76,-59.72,41.38,-0.81,,,,220.0,46.0,62.0,32.0,1.0,,,,-0.0,-0.075,,,,,,,,,,,,66.66667,86.66667,,,0.01168,0.0309,,,0.1128,0.1874,0.2279,0.1151,0.0746,0.0405,1.0,1.0,1.0,,0.15,,,,,,,0.0,0.0,0.0,0.0,0.0,0.0,1999-01-01,1999-01-01,1999-01-01,1999-01-01,1999-01-01,1999-01-01,,,,,,,0.0,0.0,0.0,0.0,0.0,0.0,0.0,0.0,0.0,0.0,0.0,0.0,0.405,0.0,0.0,0.0,0.0,0.0,2019-07-17,1999-01-01,1999-01-01,1999-01-01,1999-01-01,1999-01-01,0.0,0.0,0.0,0.0,0.0,0.0,1999-01-01,1999-01-01,1999-01-01,1999-01-01,1999-01-01,1999-01-01,1000.0,2000.0,1000.0,-13.33,-23.08,-59.99,0.02,0.0,0.0,100.0,100.0,100.0,0.01052,0.0,0.0,100.0,100.0,100.0,100.0,0.0,0.0,89.167,100.0,100.0,0.0,0.0,0.0,100.0,100.0,100.0,0.0,0.0,0.0,100.0,100.0,100.0,2019-07-17,1999-01-01,1999-01-01,1999-01-01,1999-01-01,1999-01-01,7502.0,0.0,0.0,0.0,0.0,0.0,2019-07-17,1999-01-01,1999-01-01,2019-07-15,1999-01-01,1999-01-01,1999-01-01,1999-01-01,1999-01-01,1999-01-01,1999-01-01,1999-01-01,1999-01-01,1999-01-01,1999-01-01,1999-01-01,1999-01-01,1999-01-01,0.0,0.0,0.0,0.0,0.0,1.0,0.0,0.0,0.0,1.0,0.0,0.0,0.0,1.0,1.0,0.0,0.0,0.0,0.0,0.0,0.0,0.0,0.0,0.0,1.0,1.0,,,,,,p2p,p2n,,,Life.Empty,Life.Empty,Life.Empty,Life.BearStart,Life.Bull,,
2020-06-09,0.29044,,,0.255,,0.33085,0.32289,0.31718,0.31379,0.33767,0.33038,0.0073,0.0108,-0.0035,,,-36.3,16.76,-59.72,41.38,-0.81,,,,218.0,46.0,62.0,32.0,1.0,,,,-0.0,-0.075,,,,,,,,,,,,33.33333,66.66667,,,0.0162,0.03563,,,0.091,0.1367,0.1706,0.0796,0.0457,0.0339,0.0,0.0,0.0,,,,,0.15,,,,0.0,0.0,0.0,0.0,0.0,0.0,1999-01-01,1999-01-01,1999-01-01,1999-01-01,1999-01-01,1999-01-01,,,,,,,0.0,0.0,0.0,0.0,0.0,0.0,0.0,0.0,0.0,0.0,0.0,0.0,0.405,0.0,0.0,0.255,0.0,0.0,2019-07-17,1999-01-01,1999-01-01,2020-06-09,1999-01-01,1999-01-01,0.0,0.0,0.0,0.0,0.0,0.0,1999-01-01,1999-01-01,1999-01-01,1999-01-01,1999-01-01,1999-01-01,2000.0,1000.0,1000.0,-23.08,-59.99,0.0,0.02,0.0,0.0,100.0,100.0,100.0,0.01052,0.0,0.0,100.0,100.0,100.0,100.0,0.0,0.0,89.167,100.0,100.0,0.0,0.0,0.0,100.0,100.0,100.0,0.0,0.0,0.0,100.0,100.0,100.0,2019-07-17,1999-01-01,1999-01-01,1999-01-01,1999-01-01,1999-01-01,7502.0,0.0,0.0,0.0,0.0,0.0,2019-07-17,1999-01-01,1999-01-01,2019-07-15,1999-01-01,1999-01-01,1999-01-01,1999-01-01,1999-01-01,1999-01-01,1999-01-01,1999-01-01,1999-01-01,1999-01-01,1999-01-01,1999-01-01,1999-01-01,1999-01-01,0.0,0.0,0.0,0.0,0.0,1.0,0.0,1.0,0.0,1.0,0.0,0.0,0.0,1.0,1.0,0.0,0.0,0.0,0.0,0.0,0.0,0.0,0.0,0.0,1.0,1.0,,,,,p2p,p2n,,,,Life.Empty,Life.Empty,Life.BearStart,Life.Bull,Life.BearStart,,
2020-08-25,0.26588,,,,,0.3254,0.32042,0.31604,0.31325,0.32572,0.32516,0.00056,0.00875,-0.00819,0.001,,-30.42,16.76,-59.72,41.38,-0.81,,,,163.0,46.0,62.0,32.0,1.0,,,,0.005,0.0,,,,,,,,3.33333,,,,1.11111,33.7037,1.111,,0.0154,0.04057,,,0.0717,0.0936,0.1215,0.0498,0.0219,0.0279,0.0,0.0,0.0,,,,,0.15,,,,0.0,0.0,0.0,0.0,0.0,0.0,1999-01-01,1999-01-01,1999-01-01,1999-01-01,1999-01-01,1999-01-01,,,,,,,0.0,0.0,0.0,0.0,0.0,0.0,0.0,0.0,0.0,0.0,0.0,0.0,0.405,0.0,0.0,0.255,0.0,0.0,2019-07-17,1999-01-01,1999-01-01,2020-06-09,1999-01-01,1999-01-01,0.0,0.0,0.0,0.0,0.0,0.0,1999-01-01,1999-01-01,1999-01-01,1999-01-01,1999-01-01,1999-01-01,1000.0,1000.0,50000.0,-59.99,0.0,1199.7,0.02,0.0,0.0,0.001,100.0,100.0,0.01052,0.0,0.0,0.00875,100.0,100.0,100.0,0.0,0.0,1.111,89.167,100.0,0.0,0.0,0.0,100.0,100.0,100.0,0.0,0.0,0.0,100.0,100.0,100.0,2019-07-17,1999-01-01,1999-01-01,2020-08-25,1999-01-01,1999-01-01,7502.0,0.0,0.0,7907.0,0.0,0.0,2019-07-17,1999-01-01,1999-01-01,2020-08-25,2019-07-15,1999-01-01,1999-01-01,1999-01-01,1999-01-01,1999-01-01,1999-01-01,1999-01-01,1999-01-01,1999-01-01,1999-01-01,1999-01-01,1999-01-01,1999-01-01,0.0,0.0,0.0,0.0,0.0,1.0,0.0,1.0,0.0,1.0,1.0,0.0,0.0,1.0,1.0,0.0,0.0,0.0,0.0,0.0,0.0,0.0,0.0,0.0,1.0,1.0,,,,,p2n,,,,,Life.Empty,Life.Empty,Life.BearStart,Life.Bull,Life.BearStart,,
2021-03-04,0.24089,,,,0.345,0.32691,0.32138,0.31662,0.31357,0.32869,0.32663,0.00206,0.00741,-0.00536,,0.002,-23.2,16.76,-59.72,41.38,-0.81,,,,26.0,46.0,62.0,32.0,1.0,,,,0.085,0.0,0.01321,-0.01071,1.23333,55.22388,,,,60.0,,,60.0,21.11111,18.51852,,,0.02037,0.0457,,,0.0781,0.1029,0.1334,0.0553,0.0248,0.0305,0.0,0.0,0.0,,,,,0.15,,,,0.0,0.0,0.0,0.0,0.0,0.0,1999-01-01,1999-01-01,1999-01-01,1999-01-01,1999-01-01,1999-01-01,,,,,,,0.0,0.0,0.0,0.0,0.0,0.0,0.0,0.0,0.0,0.0,0.0,0.0,0.345,0.405,0.0,0.255,0.0,0.0,2021-03-04,2019-07-17,1999-01-01,2020-06-09,1999-01-01,1999-01-01,0.0,0.0,0.0,0.0,0.0,0.0,1999-01-01,1999-01-01,1999-01-01,1999-01-01,1999-01-01,1999-01-01,1000.0,50000.0,100000.0,0.0,1199.7,190.38,0.002,0.02,0.0,0.001,100.0,100.0,0.00741,0.01052,0.0,0.00875,100.0,100.0,100.0,0.0,0.0,1.111,89.167,100.0,60.0,0.0,0.0,100.0,100.0,100.0,0.0,0.0,0.0,100.0,100.0,100.0,2021-03-04,2019-07-17,1999-01-01,2020-08-25,1999-01-01,1999-01-01,596.0,7502.0,0.0,7907.0,0.0,0.0,2019-07-17,1999-01-01,1999-01-01,2020-08-25,2019-07-15,1999-01-01,2021-03-04,1999-01-01,1999-01-01,1999-01-01,1999-01-01,1999-01-01,1999-01-01,1999-01-01,1999-01-01,1999-01-01,1999-01-01,1999-01-01,0.0,0.0,0.0,0.0,0.0,0.0,0.0,1.0,0.0,0.0,1.0,0.0,0.0,1.0,1.0,0.0,0.0,1.0,0.0,0.0,0.0,0.0,0.0,0.0,1.0,1.0,,,,,,,,,,Life.Empty,Life.Empty,Life.BearStart,Life.Bull,Life.BearStart,,
2021-04-02,0.21877,,,0.045,,0.30522,0.31055,0.31124,0.3109,0.28505,0.30577,-0.02072,0.00179,-0.02251,-0.021,,-15.44,16.76,-59.72,41.38,-0.81,,,,5.0,46.0,62.0,32.0,1.0,,,,-0.0,-0.3,0.01286,-0.03214,0.4,28.57143,28.571,,,0.0,21.11111,0.0,,21.11111,14.44444,,,0.04035,0.051,,,0.0069,-0.0602,0.0602,0.0533,-0.0671,0.1204,0.0,0.0,0.0,,,,,-0.15,,,,0.0,0.0,0.0,0.0,0.0,0.0,1999-01-01,1999-01-01,1999-01-01,1999-01-01,1999-01-01,1999-01-01,,,,,,,0.0,0.0,0.0,0.0,0.0,0.0,0.0,0.0,0.0,0.0,0.0,0.0,0.345,0.405,0.0,0.045,0.255,0.0,2021-03-04,2019-07-17,1999-01-01,2021-04-02,2020-06-09,1999-01-01,0.0,0.0,0.0,0.0,0.0,0.0,1999-01-01,1999-01-01,1999-01-01,1999-01-01,1999-01-01,1999-01-01,50000.0,100000.0,261000.0,1199.7,190.38,172.18,0.002,0.02,0.0,-0.021,0.001,100.0,0.00741,0.01052,0.0,0.00179,0.00875,100.0,100.0,0.0,0.0,1.111,89.167,100.0,60.0,0.0,0.0,0.0,100.0,100.0,0.0,0.0,0.0,28.571,100.0,100.0,2021-03-04,2019-07-17,1999-01-01,2021-04-02,2020-08-25,1999-01-01,596.0,7502.0,0.0,220.0,7907.0,0.0,2019-07-17,1999-01-01,1999-01-01,2020-08-25,2019-07-15,1999-01-01,2021-03-04,1999-01-01,1999-01-01,2021-04-02,1999-01-01,1999-01-01,1999-01-01,1999-01-01,1999-01-01,2021-04-02,1999-01-01,1999-01-01,0.0,0.0,0.0,0.0,0.0,0.0,0.0,0.0,0.0,0.0,1.0,0.0,0.0,1.0,1.0,0.0,0.0,1.0,1.0,0.0,0.0,0.0,1.0,0.0,1.0,0.0,,,,,,,,,,Life.Empty,Life.Empty,Life.BearStart,Life.Bull,Life.BearStart,,
2021-04-07,0.2014,,,,0.28,0.30328,0.30935,0.31062,0.31059,0.28427,0.30386,-0.01959,-0.00249,-0.0171,,-0.02,-8.15,16.76,-59.72,41.38,-0.81,,,,2.0,46.0,62.0,32.0,1.0,,,,0.235,0.0,0.02964,-0.03214,0.92222,47.97688,,47.977,19.40588,65.27778,41.75926,,65.278,46.11111,29.44444,,46.111,0.05425,0.05639,,,0.0127,-0.0734,0.0734,0.0607,-0.0861,0.1468,0.0,0.0,0.0,,,,,-0.15,,,,0.0,0.0,0.0,0.0,0.0,0.0,1999-01-01,1999-01-01,1999-01-01,1999-01-01,1999-01-01,1999-01-01,,,,,,,0.0,0.0,0.0,0.0,0.0,0.0,0.0,0.0,0.0,0.0,0.0,0.0,0.28,0.345,0.405,0.045,0.255,0.0,2021-04-07,2021-03-04,2019-07-17,2021-04-02,2020-06-09,1999-01-01,0.0,0.0,0.0,0.0,0.0,0.0,1999-01-01,1999-01-01,1999-01-01,1999-01-01,1999-01-01,1999-01-01,100000.0,261000.0,10000.0,190.38,172.18,-9.73,-0.02,0.002,0.02,-0.021,0.001,100.0,-0.00249,0.00741,0.01052,0.00179,0.00875,100.0,46.111,100.0,0.0,1.111,89.167,100.0,65.278,60.0,0.0,0.0,100.0,100.0,47.977,0.0,0.0,28.571,100.0,100.0,2021-04-07,2021-03-04,2019-07-17,2021-04-02,2020-08-25,1999-01-01,34.0,596.0,7502.0,220.0,7907.0,0.0,2021-04-07,2019-07-17,1999-01-01,2020-08-25,2019-07-15,1999-01-01,2021-04-07,2021-03-04,1999-01-01,2021-04-02,1999-01-01,1999-01-01,2021-04-07,1999-01-01,1999-01-01,2021-04-02,1999-01-01,1999-01-01,0.0,0.0,0.0,0.0,1.0,0.0,0.0,0.0,1.0,0.0,1.0,0.0,0.0,0.0,1.0,0.0,0.0,1.0,1.0,0.0,0.0,1.0,1.0,0.0,0.0,0.0,,,10000,,,,,,p2n,Life.Empty,Life.Empty,Life.BearStart,Life.Bull,Life.BearStart,,
2021-04-08,0.18977,,,0.005,,0.28034,0.29741,0.30457,0.30755,0.2413,0.28172,-0.04042,-0.01008,-0.03034,-0.04,,-2.51,16.76,-59.72,41.38,-0.81,,,,1.0,46.0,62.0,32.0,1.0,,,,-0.0,-0.275,0.02857,-0.05179,0.55172,35.55556,35.556,,-12.42144,0.0,21.75926,0.0,,26.11111,31.11111,26.111,,0.07002,0.0619,,,-0.1014,-0.2423,-0.2721,-0.1707,-0.1409,-0.0298,0.0,0.0,0.0,,,,,,-0.15,,,0.0,0.0,0.0,0.0,0.0,0.0,1999-01-01,1999-01-01,1999-01-01,1999-01-01,1999-01-01,1999-01-01,,,,,,,0.0,0.0,0.0,0.0,0.0,0.0,0.0,0.0,0.0,0.0,0.0,0.0,0.28,0.345,0.405,0.005,0.045,0.255,2021-04-07,2021-03-04,2019-07-17,2021-04-08,2021-04-02,2020-06-09,0.0,0.0,0.0,0.0,0.0,0.0,1999-01-01,1999-01-01,1999-01-01,1999-01-01,1999-01-01,1999-01-01,261000.0,10000.0,174000.0,172.18,-9.73,19.95,-0.02,0.002,0.02,-0.04,-0.021,0.001,-0.00249,0.00741,0.01052,-0.01008,0.00179,0.00875,46.111,100.0,0.0,26.111,1.111,89.167,65.278,60.0,0.0,0.0,0.0,100.0,47.977,0.0,0.0,35.556,28.571,100.0,2021-04-07,2021-03-04,2019-07-17,2021-04-08,2021-04-02,2020-08-25,34.0,596.0,7502.0,6.0,220.0,7907.0,2021-04-07,2019-07-17,1999-01-01,2021-04-08,2020-08-25,2019-07-15,2021-04-07,2021-03-04,1999-01-01,2021-04-08,2021-04-02,1999-01-01,2021-04-07,1999-01-01,1999-01-01,2021-04-08,2021-04-02,1999-01-01,0.0,0.0,0.0,0.0,1.0,0.0,1.0,0.0,1.0,0.0,1.0,0.0,0.0,0.0,0.0,0.0,0.0,1.0,1.0,0.0,0.0,1.0,0.0,0.0,0.0,0.0,,,,,,,,p2n,,Life.Empty,Life.BearStart,Life.Bull,Life.BearStart,Life.Bear,,
2021-04-09,0.18464,0.185,,,0.28,0.28031,0.29673,0.30408,0.30727,0.24726,0.2816,-0.03434,-0.01493,-0.01941,,-0.034,16.98,-59.72,41.38,-0.81,,,,,46.0,62.0,32.0,1.0,,,,,0.275,0.0,0.0475,-0.05179,0.91724,47.84173,,47.842,12.28573,68.75,44.67593,,68.75,53.0719,41.76471,,53.072,0.08466,0.06718,,,-0.1054,-0.2377,-0.2696,-0.1642,-0.1323,-0.0319,0.0,0.0,0.0,,,,,,-0.15,,,0.0,0.0,0.0,0.185,0.0,0.0,1999-01-01,1999-01-01,1999-01-01,2021-04-09,1999-01-01,1999-01-01,,,,,,,0.0,0.0,0.0,0.0,0.0,0.0,0.0,0.0,0.0,0.0,0.0,0.0,0.28,0.28,0.345,0.005,0.045,0.255,2021-04-09,2021-04-07,2021-03-04,2021-04-08,2021-04-02,2020-06-09,0.0,0.0,0.0,0.0,0.0,0.0,1999-01-01,1999-01-01,1999-01-01,1999-01-01,1999-01-01,1999-01-01,10000.0,174000.0,10000.0,-9.73,19.95,-56.4,-0.034,-0.02,0.002,-0.04,-0.021,0.001,-0.01493,-0.00249,0.00741,-0.01008,0.00179,0.00875,53.072,46.111,100.0,26.111,1.111,89.167,68.75,65.278,60.0,0.0,0.0,100.0,47.842,47.977,0.0,35.556,28.571,100.0,2021-04-09,2021-04-07,2021-03-04,2021-04-08,2021-04-02,2020-08-25,2.0,34.0,596.0,6.0,220.0,7907.0,2021-04-09,2021-04-07,2019-07-17,2021-04-08,2020-08-25,2019-07-15,2021-04-09,2021-04-07,2021-03-04,2021-04-08,2021-04-02,1999-01-01,2021-04-09,2021-04-07,1999-01-01,2021-04-08,2021-04-02,1999-01-01,0.0,0.0,0.0,1.0,1.0,0.0,1.0,0.0,1.0,0.0,1.0,0.0,0.0,0.0,0.0,0.0,0.0,1.0,1.0,0.0,0.0,0.0,0.0,0.0,0.0,0.0,,,10000,,,,p2n,,p2n,Life.Empty,Life.BearStart,Life.Bull,Life.BearStart,Life.Bear,,
2021-04-16,0.18554,,,,,0.27029,0.29098,0.30103,0.30571,0.23229,0.27185,-0.03955,-0.01985,-0.0197,,,16.42,-59.72,41.38,-0.81,,,,,41.0,62.0,32.0,1.0,,,,,-0.0,-0.13,0.04714,-0.06107,0.77193,43.56436,,,-4.27764,36.25,35.0,,,43.62745,40.93682,43.627,,0.08897,0.07238,,,-0.1473,-0.3074,-0.3542,-0.2069,-0.1601,-0.0468,0.0,0.0,0.0,,,,,,-0.15,,,0.0,0.0,0.0,0.185,0.0,0.0,1999-01-01,1999-01-01,1999-01-01,2021-04-09,1999-01-01,1999-01-01,0.29,,,,,,1.0,0.0,0.0,0.0,0.0,0.0,0.0,0.0,0.0,0.0,0.0,0.0,0.28,0.28,0.345,0.005,0.045,0.255,2021-04-09,2021-04-07,2021-03-04,2021-04-08,2021-04-02,2020-06-09,0.0,0.0,0.0,0.0,0.0,0.0,1999-01-01,1999-01-01,1999-01-01,1999-01-01,1999-01-01,1999-01-01,174000.0,10000.0,6000.0,19.95,-56.4,-2.06,-0.034,-0.02,0.002,-0.04,-0.021,0.001,-0.01493,-0.00249,0.00741,-0.01008,0.00179,0.00875,53.072,46.111,100.0,43.627,26.111,1.111,68.75,65.278,60.0,0.0,0.0,100.0,47.842,47.977,0.0,35.556,28.571,100.0,2021-04-09,2021-04-07,2021-03-04,2021-04-08,2021-04-02,2020-08-25,2.0,34.0,596.0,6.0,220.0,7907.0,2021-04-09,2021-04-07,2019-07-17,2021-04-16,2021-04-08,2020-08-25,2021-04-09,2021-04-07,2021-03-04,2021-04-08,2021-04-02,1999-01-01,2021-04-09,2021-04-07,1999-01-01,2021-04-08,2021-04-02,1999-01-01,0.0,0.0,0.0,1.0,1.0,0.0,1.0,0.0,1.0,0.0,1.0,0.0,0.0,0.0,0.0,1.0,0.0,1.0,1.0,0.0,0.0,0.0,0.0,0.0,0.0,0.0,,,,,,p2n,,p2n,,Life.Empty,Life.BearStart,Life.Bull,Life.BearStart,Life.Bear,,
2021-05-11,0.19137,,,0.05,,0.25334,0.28153,0.29606,0.30316,0.20425,0.25541,-0.05117,-0.02612,-0.02505,-0.051,,12.87,-59.72,41.38,-0.81,,,,,24.0,62.0,32.0,1.0,,,,,-0.0,-0.1,0.04679,-0.06821,0.68586,40.68323,40.683,,-7.15877,11.25,38.75,11.25,,48.79986,48.49974,,,0.08976,0.07772,,,-0.2163,-0.4272,-0.4982,-0.2819,-0.2109,-0.071,0.0,0.0,0.0,,,,,,-0.15,,,0.0,0.0,0.0,0.185,0.0,0.0,1999-01-01,1999-01-01,1999-01-01,2021-04-09,1999-01-01,1999-01-01,3.44,,,,,,2.0,0.0,0.0,0.0,0.0,0.0,2.0,0.0,0.0,0.0,0.0,0.0,0.28,0.28,0.345,0.05,0.005,0.045,2021-04-09,2021-04-07,2021-03-04,2021-05-11,2021-04-08,2021-04-02,0.0,0.0,0.0,0.0,0.0,0.0,1999-01-01,1999-01-01,1999-01-01,1999-01-01,1999-01-01,1999-01-01,10000.0,6000.0,1000.0,-56.4,-2.06,-91.05,-0.034,-0.02,0.002,-0.051,-0.04,-0.021,-0.01493,-0.00249,0.00741,-0.02612,-0.01008,0.00179,53.072,46.111,100.0,43.627,26.111,1.111,68.75,65.278,60.0,11.25,0.0,0.0,47.842,47.977,0.0,40.683,35.556,28.571,2021-04-09,2021-04-07,2021-03-04,2021-05-11,2021-04-08,2021-04-02,2.0,34.0,596.0,33.0,6.0,220.0,2021-04-09,2021-04-07,2019-07-17,2021-04-16,2021-04-08,2020-08-25,2021-04-09,2021-04-07,2021-03-04,2021-05-11,2021-04-08,2021-04-02,2021-04-09,2021-04-07,1999-01-01,2021-05-11,2021-04-08,2021-04-02,0.0,0.0,0.0,1.0,1.0,0.0,0.0,1.0,1.0,0.0,1.0,0.0,0.0,0.0,0.0,1.0,0.0,1.0,0.0,1.0,0.0,0.0,0.0,1.0,0.0,0.0,,,,-1000,p2n,,p2n,,n2n,Life.Empty,Life.BearStart,Life.Bull,Life.BearStart,Life.Bear,,
2021-06-09,0.20032,,,,0.295,0.25655,0.28205,0.29604,0.30308,0.21821,0.25835,-0.04014,-0.02892,-0.01122,,,7.82,-59.72,41.38,-0.81,,,,,3.0,62.0,32.0,1.0,,,,,0.245,0.0,0.06429,-0.06821,0.94241,48.51752,,48.518,7.83452,72.5,40.0,,72.5,55.17241,49.19991,,,0.10085,0.08288,,,-0.2103,-0.3949,-0.4653,-0.255,-0.1846,-0.0704,0.0,0.0,0.0,,,,,,-0.15,,,0.0,0.0,0.0,0.185,0.0,0.0,1999-01-01,1999-01-01,1999-01-01,2021-04-09,1999-01-01,1999-01-01,8.28,,,,,,3.0,0.0,0.0,0.0,0.0,0.0,3.0,0.0,0.0,0.0,0.0,0.0,0.295,0.28,0.28,0.05,0.005,0.045,2021-06-09,2021-04-09,2021-04-07,2021-05-11,2021-04-08,2021-04-02,0.0,0.0,0.0,0.0,0.0,0.0,1999-01-01,1999-01-01,1999-01-01,1999-01-01,1999-01-01,1999-01-01,6000.0,1000.0,10000.0,-2.06,-91.05,0.0,-0.034,-0.02,0.002,-0.051,-0.04,-0.021,-0.01493,-0.00249,0.00741,-0.02612,-0.01008,0.00179,53.072,46.111,100.0,43.627,26.111,1.111,72.5,68.75,65.278,11.25,0.0,0.0,48.518,47.842,47.977,40.683,35.556,28.571,2021-04-09,2021-04-07,2021-03-04,2021-05-11,2021-04-08,2021-04-02,2.0,34.0,596.0,33.0,6.0,220.0,2021-04-09,2021-04-07,2019-07-17,2021-04-16,2021-04-08,2020-08-25,2021-06-09,2021-04-09,2021-04-07,2021-05-11,2021-04-08,2021-04-02,2021-06-09,2021-04-09,2021-04-07,2021-05-11,2021-04-08,2021-04-02,0.0,0.0,0.0,1.0,0.0,1.0,0.0,1.0,1.0,0.0,1.0,0.0,0.0,0.0,0.0,1.0,0.0,1.0,0.0,1.0,0.0,1.0,0.0,1.0,0.0,0.0,,,,,,p2n,,n2n,,Life.Empty,Life.BearStart,Life.Bull,Life.BearStart,Life.Bear,,
2021-06-10,0.20963,,,,,0.25912,0.28237,0.29592,0.30295,0.22926,0.26069,-0.03144,-0.02942,-0.00201,,-0.031,3.04,-59.72,41.38,-0.81,,,,,2.0,62.0,32.0,1.0,,,,,-0.0,-0.005,0.06179,-0.06857,0.90104,47.39726,,,-1.12074,71.25,51.66667,,,71.15881,58.37703,,,0.10757,0.08781,,,-0.2058,-0.368,-0.4383,-0.2325,-0.1622,-0.0703,1.0,1.0,1.0,,,,,,,-0.15,,0.0,0.0,0.0,0.185,0.0,0.0,1999-01-01,1999-01-01,1999-01-01,2021-04-09,1999-01-01,1999-01-01,13.31,,,,,,4.0,0.0,0.0,0.0,0.0,0.0,3.0,0.0,0.0,0.0,0.0,0.0,0.295,0.28,0.28,0.05,0.005,0.045,2021-06-09,2021-04-09,2021-04-07,2021-05-11,2021-04-08,2021-04-02,0.0,0.0,0.0,0.0,0.0,0.0,1999-01-01,1999-01-01,1999-01-01,1999-01-01,1999-01-01,1999-01-01,1000.0,10000.0,7000.0,-91.05,0.0,5.88,-0.031,-0.034,-0.02,-0.051,-0.04,-0.021,-0.02942,-0.01493,-0.00249,-0.02612,-0.01008,0.00179,53.072,46.111,100.0,43.627,26.111,1.111,72.5,68.75,65.278,11.25,0.0,0.0,48.518,47.842,47.977,40.683,35.556,28.571,2021-06-10,2021-04-09,2021-04-07,2021-05-11,2021-04-08,2021-04-02,62.0,2.0,34.0,33.0,6.0,220.0,2021-04-09,2021-04-07,2019-07-17,2021-04-16,2021-04-08,2020-08-25,2021-06-09,2021-04-09,2021-04-07,2021-05-11,2021-04-08,2021-04-02,2021-06-09,2021-04-09,2021-04-07,2021-05-11,2021-04-08,2021-04-02,0.0,0.0,0.0,1.0,0.0,1.0,0.0,1.0,0.0,0.0,1.0,0.0,0.0,0.0,0.0,1.0,0.0,1.0,0.0,1.0,0.0,1.0,0.0,1.0,0.0,0.0,,,,,p2n,,n2n,,,Life.BearStart,Life.Bull,Life.BearStart,Life.Bear,Life.BearRecovery,,
2021-06-11,0.21558,,,0.1,,0.24688,0.27521,0.29204,0.30093,0.20937,0.24879,-0.03942,-0.03142,-0.008,-0.039,,0.2,-59.72,41.38,-0.81,,,,,1.0,62.0,32.0,1.0,,,,,-0.0,-0.19,0.06071,-0.08214,0.73913,42.5,42.5,,-6.018,23.75,55.83333,23.75,,72.78912,66.37345,,72.789,0.11346,0.09267,,,-0.2572,-0.4516,-0.5405,-0.2833,-0.1944,-0.0889,0.0,0.0,0.0,,,,,,-0.15,,,0.0,0.0,0.0,0.185,0.0,0.0,1999-01-01,1999-01-01,1999-01-01,2021-04-09,1999-01-01,1999-01-01,16.53,,,,,,5.0,0.0,0.0,0.0,0.0,0.0,3.0,0.0,0.0,0.0,0.0,0.0,0.295,0.28,0.28,0.1,0.05,0.005,2021-06-09,2021-04-09,2021-04-07,2021-06-11,2021-05-11,2021-04-08,0.0,0.0,0.0,0.0,0.0,0.0,1999-01-01,1999-01-01,1999-01-01,1999-01-01,1999-01-01,1999-01-01,10000.0,7000.0,100.0,0.0,5.88,-5.0,-0.031,-0.034,-0.02,-0.039,-0.051,-0.04,-0.02942,-0.01493,-0.00249,-0.03142,-0.02612,-0.01008,72.789,53.072,46.111,43.627,26.111,1.111,72.5,68.75,65.278,23.75,11.25,0.0,48.518,47.842,47.977,42.5,40.683,35.556,2021-06-10,2021-04-09,2021-04-07,2021-06-11,2021-05-11,2021-04-08,62.0,2.0,34.0,31.0,33.0,6.0,2021-06-11,2021-04-09,2021-04-07,2021-04-16,2021-04-08,2020-08-25,2021-06-09,2021-04-09,2021-04-07,2021-06-11,2021-05-11,2021-04-08,2021-06-09,2021-04-09,2021-04-07,2021-06-11,2021-05-11,2021-04-08,0.0,0.0,0.0,1.0,0.0,1.0,0.0,1.0,0.0,0.0,0.0,1.0,0.0,1.0,0.0,1.0,0.0,1.0,0.0,1.0,0.0,1.0,0.0,1.0,0.0,0.0,,,,,,n2n,,,,Life.Bull,Life.BearStart,Life.Bear,Life.BearRecovery,Life.Bear,,
2021-06-14,0.21624,,0.216,,,0.24981,0.2756,0.2919,0.30078,0.22101,0.25147,-0.03047,-0.03123,0.00077,,,-59.77,41.38,-0.81,,,,,,62.0,32.0,1.0,,,,,,0.185,0.0,0.07357,-0.08214,0.89565,47.24771,,,4.74771,82.35294,59.11765,,,71.42857,71.79217,,,0.11857,0.09715,,,-0.2518,-0.4209,-0.5097,-0.2579,-0.1691,-0.0888,0.0,0.0,0.0,,,,,,-0.15,,,0.216,0.0,0.0,0.185,0.0,0.0,2021-06-14,1999-01-01,1999-01-01,2021-04-09,1999-01-01,1999-01-01,0.0,16.76,,,,,0.0,6.0,0.0,0.0,0.0,0.0,0.0,3.0,0.0,0.0,0.0,0.0,0.295,0.28,0.28,0.1,0.05,0.005,2021-06-09,2021-04-09,2021-04-07,2021-06-11,2021-05-11,2021-04-08,0.0,0.0,0.0,0.0,0.0,0.0,1999-01-01,1999-01-01,1999-01-01,1999-01-01,1999-01-01,1999-01-01,7000.0,100.0,3000.0,5.88,-5.0,-40.93,-0.031,-0.034,-0.02,-0.039,-0.051,-0.04,-0.02942,-0.01493,-0.00249,-0.03142,-0.02612,-0.01008,72.789,53.072,46.111,43.627,26.111,1.111,72.5,68.75,65.278,23.75,11.25,0.0,48.518,47.842,47.977,42.5,40.683,35.556,2021-06-10,2021-04-09,2021-04-07,2021-06-11,2021-05-11,2021-04-08,62.0,2.0,34.0,31.0,33.0,6.0,2021-06-11,2021-04-09,2021-04-07,2021-04-16,2021-04-08,2020-08-25,2021-06-09,2021-04-09,2021-04-07,2021-06-11,2021-05-11,2021-04-08,2021-06-09,2021-04-09,2021-04-07,2021-06-11,2021-05-11,2021-04-08,0.0,1.0,0.0,1.0,0.0,1.0,0.0,1.0,0.0,0.0,0.0,1.0,0.0,1.0,0.0,1.0,0.0,1.0,0.0,1.0,0.0,1.0,0.0,1.0,0.0,0.0,,,,,n2n,,,,,Life.Bull,Life.BearStart,Life.Bear,Life.BearRecovery,Life.Bear,,
2021-06-15,0.21115,,,,0.29,0.2529,0.27616,0.29186,0.30067,0.23162,0.25432,-0.0227,-0.02953,0.00682,,,-58.8,41.38,-0.81,,,,,,61.0,32.0,1.0,,,,,,0.005,0.0,0.07393,-0.07679,0.96279,49.05213,,,6.55213,83.82353,63.30882,,83.824,71.25414,71.82394,71.254,,0.12367,0.10125,,,-0.2451,-0.3896,-0.4777,-0.2326,-0.1445,-0.0881,1.0,1.0,1.0,,,,,,,-0.15,,0.216,0.0,0.0,0.185,0.0,0.0,2021-06-14,1999-01-01,1999-01-01,2021-04-09,1999-01-01,1999-01-01,-2.25,16.76,,,,,1.0,6.0,0.0,0.0,0.0,0.0,-2.0,3.0,0.0,0.0,0.0,0.0,0.29,0.295,0.28,0.1,0.05,0.005,2021-06-15,2021-06-09,2021-04-09,2021-06-11,2021-05-11,2021-04-08,0.0,0.0,0.0,0.0,0.0,0.0,1999-01-01,1999-01-01,1999-01-01,1999-01-01,1999-01-01,1999-01-01,100.0,3000.0,2100.0,-5.0,-40.93,-48.51,-0.031,-0.034,-0.02,-0.039,-0.051,-0.04,-0.02942,-0.01493,-0.00249,-0.03142,-0.02612,-0.01008,72.789,53.072,46.111,71.254,43.627,26.111,83.824,72.5,68.75,23.75,11.25,0.0,48.518,47.842,47.977,42.5,40.683,35.556,2021-06-10,2021-04-09,2021-04-07,2021-06-11,2021-05-11,2021-04-08,62.0,2.0,34.0,31.0,33.0,6.0,2021-06-11,2021-04-09,2021-04-07,2021-06-15,2021-04-16,2021-04-08,2021-06-15,2021-06-09,2021-04-09,2021-06-11,2021-05-11,2021-04-08,2021-06-09,2021-04-09,2021-04-07,2021-06-11,2021-05-11,2021-04-08,0.0,1.0,0.0,1.0,0.0,0.0,0.0,1.0,0.0,0.0,0.0,1.0,0.0,1.0,0.0,1.0,0.0,1.0,0.0,1.0,0.0,1.0,0.0,1.0,0.0,0.0,,,,,,,,,,Life.BearStart,Life.Bear,Life.BearRecovery,Life.Bear,Life.BearRecovery,,
2021-06-16,0.20018,,,0.25,,0.25268,0.27514,0.29103,0.30016,0.23445,0.254,-0.01956,-0.02753,0.00797,,,-56.54,41.38,-0.81,,,,,,60.0,32.0,1.0,,,,,,-0.0,-0.04,0.07393,-0.07429,0.99519,49.87952,,,7.37952,72.05882,79.41176,72.059,,90.76721,77.81664,,,0.12841,0.10563,,,-0.2502,-0.3835,-0.4748,-0.2246,-0.1333,-0.0913,1.0,0.0,1.0,,,,,,-0.15,,,0.216,0.0,0.0,0.185,0.0,0.0,2021-06-14,1999-01-01,1999-01-01,2021-04-09,1999-01-01,1999-01-01,-7.32,16.76,,,,,2.0,6.0,0.0,0.0,0.0,0.0,-4.0,3.0,0.0,0.0,0.0,0.0,0.29,0.295,0.28,0.25,0.1,0.05,2021-06-15,2021-06-09,2021-04-09,2021-06-16,2021-06-11,2021-05-11,0.0,0.0,0.0,0.0,0.0,0.0,1999-01-01,1999-01-01,1999-01-01,1999-01-01,1999-01-01,1999-01-01,3000.0,2100.0,8200.0,-40.93,-48.51,155.74,-0.031,-0.034,-0.02,-0.039,-0.051,-0.04,-0.02942,-0.01493,-0.00249,-0.03142,-0.02612,-0.01008,72.789,53.072,46.111,71.254,43.627,26.111,83.824,72.5,68.75,72.059,23.75,11.25,48.518,47.842,47.977,42.5,40.683,35.556,2021-06-10,2021-04-09,2021-04-07,2021-06-11,2021-05-11,2021-04-08,62.0,2.0,34.0,31.0,33.0,6.0,2021-06-11,2021-04-09,2021-04-07,2021-06-15,2021-04-16,2021-04-08,2021-06-15,2021-06-09,2021-04-09,2021-06-16,2021-06-11,2021-05-11,2021-06-09,2021-04-09,2021-04-07,2021-06-11,2021-05-11,2021-04-08,0.0,1.0,0.0,1.0,0.0,0.0,0.0,1.0,0.0,0.0,0.0,1.0,0.0,1.0,0.0,1.0,0.0,1.0,0.0,1.0,0.0,1.0,0.0,1.0,0.0,0.0,-8200,,,,,,,,n2p,Life.Bear,Life.BearRecovery,Life.Bear,Life.BearRecovery,Life.Bear,,
2021-06-17,0.18435,,,,0.285,0.25517,0.27552,0.29091,0.30001,0.24222,0.2563,-0.01408,-0.02484,0.01076,,-0.014,-52.81,41.38,-0.81,,,,,,59.0,32.0,1.0,,,,,,0.035,0.0,0.07607,-0.07429,1.02404,50.59382,,50.594,8.09382,82.35294,79.41176,,82.353,91.25056,84.42397,,91.251,0.13245,0.10951,,,-0.2449,-0.3574,-0.4484,-0.2035,-0.1125,-0.091,1.0,1.0,1.0,,,,,,,-0.15,,0.216,0.0,0.0,0.185,0.0,0.0,2021-06-14,1999-01-01,1999-01-01,2021-04-09,1999-01-01,1999-01-01,-14.65,16.76,,,,,3.0,6.0,0.0,0.0,0.0,0.0,-5.0,3.0,0.0,0.0,0.0,0.0,0.285,0.29,0.295,0.25,0.1,0.05,2021-06-17,2021-06-15,2021-06-09,2021-06-16,2021-06-11,2021-05-11,0.0,0.0,0.0,0.0,0.0,0.0,1999-01-01,1999-01-01,1999-01-01,1999-01-01,1999-01-01,1999-01-01,2100.0,8200.0,5200.0,-48.51,155.74,16.54,-0.014,-0.031,-0.034,-0.039,-0.051,-0.04,-0.02484,-0.02942,-0.01493,-0.03142,-0.02612,-0.01008,91.251,72.789,53.072,71.254,43.627,26.111,82.353,83.824,72.5,72.059,23.75,11.25,50.594,48.518,47.842,42.5,40.683,35.556,2021-06-17,2021-06-10,2021-04-09,2021-06-11,2021-05-11,2021-04-08,7.0,62.0,2.0,31.0,33.0,6.0,2021-06-17,2021-06-11,2021-04-09,2021-06-15,2021-04-16,2021-04-08,2021-06-17,2021-06-15,2021-06-09,2021-06-16,2021-06-11,2021-05-11,2021-06-17,2021-06-09,2021-04-09,2021-06-11,2021-05-11,2021-04-08,0.0,1.0,0.0,1.0,1.0,0.0,0.0,1.0,0.0,1.0,0.0,1.0,0.0,1.0,0.0,1.0,0.0,0.0,0.0,1.0,0.0,1.0,0.0,1.0,0.0,0.0,,,,,,,,n2p,,Life.BearRecovery,Life.Bear,Life.BearRecovery,Life.Bear,Life.BearRecovery,,
2021-06-18,0.16491,,,0.105,,0.24362,0.26884,0.28723,0.29807,0.22111,0.24509,-0.02398,-0.02467,0.00069,,,-47.24,41.38,-0.81,,,,,,58.0,32.0,1.0,,,,,,-0.0,-0.18,0.07,-0.08714,0.80328,44.54545,44.545,,-6.04855,34.48276,62.96484,34.483,,59.64912,80.55563,,,0.13621,0.11246,,,-0.2923,-0.4361,-0.5445,-0.2522,-0.1438,-0.1084,0.0,0.0,0.0,,,,,,-0.15,,,0.216,0.0,0.0,0.185,0.0,0.0,2021-06-14,1999-01-01,1999-01-01,2021-04-09,1999-01-01,1999-01-01,-23.65,16.76,,,,,4.0,6.0,0.0,0.0,0.0,0.0,-6.0,3.0,0.0,0.0,0.0,0.0,0.285,0.29,0.295,0.105,0.25,0.1,2021-06-17,2021-06-15,2021-06-09,2021-06-18,2021-06-16,2021-06-11,0.0,0.0,0.0,0.0,0.0,0.0,1999-01-01,1999-01-01,1999-01-01,1999-01-01,1999-01-01,1999-01-01,8200.0,5200.0,200.0,155.74,16.54,-12.26,-0.014,-0.031,-0.034,-0.039,-0.051,-0.04,-0.02484,-0.02942,-0.01493,-0.03142,-0.02612,-0.01008,91.251,72.789,53.072,71.254,43.627,26.111,82.353,83.824,72.5,34.483,72.059,23.75,50.594,48.518,47.842,44.545,42.5,40.683,2021-06-17,2021-06-10,2021-04-09,2021-06-11,2021-05-11,2021-04-08,7.0,62.0,2.0,31.0,33.0,6.0,2021-06-17,2021-06-11,2021-04-09,2021-06-15,2021-04-16,2021-04-08,2021-06-17,2021-06-15,2021-06-09,2021-06-18,2021-06-16,2021-06-11,2021-06-17,2021-06-09,2021-04-09,2021-06-18,2021-06-11,2021-05-11,0.0,1.0,0.0,1.0,1.0,0.0,0.0,0.0,0.0,1.0,0.0,1.0,0.0,1.0,0.0,1.0,0.0,0.0,0.0,0.0,0.0,1.0,0.0,1.0,0.0,0.0,,,,,,,n2p,,,Life.Bear,Life.BearRecovery,Life.Bear,Life.BearRecovery,Life.Bear,,
2021-08-09,0.14417,,,,0.115,0.23372,0.2628,0.28382,0.29625,0.20479,0.23546,-0.03067,-0.02587,-0.0048,,,-39.66,41.38,-0.81,,,,,,22.0,32.0,1.0,,,,,,0.01,0.0,0.07071,-0.06571,1.07609,51.83246,,51.832,7.28746,37.93103,51.58891,,37.931,41.84397,64.24789,,,0.13076,0.11464,,,-0.3345,-0.501,-0.6253,-0.2908,-0.1665,-0.1243,0.0,0.0,0.0,,,,,,-0.15,,,0.216,0.0,0.0,0.185,0.0,0.0,2021-06-14,1999-01-01,1999-01-01,2021-04-09,1999-01-01,1999-01-01,-33.25,16.76,,,,,5.0,6.0,0.0,0.0,0.0,0.0,-7.0,3.0,0.0,0.0,0.0,0.0,0.115,0.285,0.29,0.105,0.25,0.1,2021-08-09,2021-06-17,2021-06-15,2021-06-18,2021-06-16,2021-06-11,0.0,0.0,0.0,0.0,0.0,0.0,1999-01-01,1999-01-01,1999-01-01,1999-01-01,1999-01-01,1999-01-01,5200.0,200.0,1198100.0,16.54,-12.26,8748.62,-0.014,-0.031,-0.034,-0.039,-0.051,-0.04,-0.02484,-0.02942,-0.01493,-0.03142,-0.02612,-0.01008,91.251,72.789,53.072,71.254,43.627,26.111,37.931,82.353,83.824,34.483,72.059,23.75,51.832,50.594,48.518,44.545,42.5,40.683,2021-06-17,2021-06-10,2021-04-09,2021-06-11,2021-05-11,2021-04-08,7.0,62.0,2.0,31.0,33.0,6.0,2021-06-17,2021-06-11,2021-04-09,2021-06-15,2021-04-16,2021-04-08,2021-08-09,2021-06-17,2021-06-15,2021-06-18,2021-06-16,2021-06-11,2021-08-09,2021-06-17,2021-06-09,2021-06-18,2021-06-11,2021-05-11,0.0,1.0,0.0,1.0,1.0,0.0,0.0,0.0,0.0,1.0,0.0,1.0,0.0,1.0,0.0,1.0,1.0,0.0,0.0,0.0,0.0,1.0,0.0,1.0,0.0,0.0,1198100,,,,,n2p,,,n2p,Life.Bear,Life.BearRecovery,Life.Bear,Life.BearRecovery,Life.Bear,,
2021-08-11,0.1244,,,0.005,,0.21613,0.25269,0.2783,0.29335,0.17405,0.21839,-0.04433,-0.02956,-0.01477,-0.044,,-30.06,41.38,-0.81,,,,,,20.0,32.0,1.0,,,,,,-0.0,-0.11,0.05393,-0.07357,0.73301,42.29692,42.297,,-9.53508,0.0,24.13793,0.0,,9.38783,36.96031,9.388,,0.12928,0.11588,,,-0.4066,-0.6217,-0.7722,-0.3656,-0.2151,-0.1505,0.0,0.0,0.0,,,,,,-0.15,,,0.216,0.0,0.0,0.185,0.0,0.0,2021-06-14,1999-01-01,1999-01-01,2021-04-09,1999-01-01,1999-01-01,-42.41,16.76,,,,,6.0,6.0,0.0,0.0,0.0,0.0,-7.0,3.0,0.0,0.0,0.0,0.0,0.115,0.285,0.29,0.005,0.105,0.25,2021-08-09,2021-06-17,2021-06-15,2021-08-11,2021-06-18,2021-06-16,0.0,0.0,0.0,0.0,0.0,0.0,1999-01-01,1999-01-01,1999-01-01,1999-01-01,1999-01-01,1999-01-01,200.0,1198100.0,1000.0,-12.26,8748.62,-0.35,-0.014,-0.031,-0.034,-0.044,-0.039,-0.051,-0.02484,-0.02942,-0.01493,-0.02956,-0.03142,-0.02612,91.251,72.789,53.072,9.388,71.254,43.627,37.931,82.353,83.824,0.0,34.483,72.059,51.832,50.594,48.518,42.297,44.545,42.5,2021-06-17,2021-06-10,2021-04-09,2021-08-11,2021-06-11,2021-05-11,7.0,62.0,2.0,61.0,31.0,33.0,2021-06-17,2021-06-11,2021-04-09,2021-08-11,2021-06-15,2021-04-16,2021-08-09,2021-06-17,2021-06-15,2021-08-11,2021-06-18,2021-06-16,2021-08-09,2021-06-17,2021-06-09,2021-08-11,2021-06-18,2021-06-11,0.0,1.0,0.0,1.0,1.0,0.0,1.0,0.0,0.0,1.0,0.0,0.0,0.0,1.0,1.0,0.0,1.0,0.0,1.0,0.0,0.0,1.0,1.0,0.0,0.0,0.0,,,-1000,,n2p,,,n2p,p2n,Life.Bear,Life.BearRecovery,Life.Bear,Life.BearRecovery,Life.Bear,,
2021-08-13,0.10735,,,,0.175,0.21296,0.24965,0.27625,0.29218,0.1742,0.21517,-0.04097,-0.03184,-0.00913,,-0.041,-18.96,41.38,-0.81,,,,,,18.0,32.0,1.0,,,,,,0.17,0.0,0.06607,-0.05393,1.22517,55.05952,,55.06,12.76252,58.62069,32.18391,,58.621,28.74873,26.66018,,,0.13219,0.11637,,,-0.4253,-0.6329,-0.7922,-0.3669,-0.2076,-0.1593,0.0,0.0,0.0,,,,,,-0.15,,,0.216,0.0,0.0,0.185,0.0,0.0,2021-06-14,1999-01-01,1999-01-01,2021-04-09,1999-01-01,1999-01-01,-50.3,16.76,,,,,7.0,6.0,0.0,0.0,0.0,0.0,-7.0,3.0,0.0,0.0,0.0,0.0,0.175,0.115,0.285,0.005,0.105,0.25,2021-08-13,2021-08-09,2021-06-17,2021-08-11,2021-06-18,2021-06-16,0.0,0.0,0.0,0.0,0.0,0.0,1999-01-01,1999-01-01,1999-01-01,1999-01-01,1999-01-01,1999-01-01,1198100.0,1000.0,500.0,8748.62,-0.35,0.03,-0.041,-0.014,-0.031,-0.044,-0.039,-0.051,-0.03184,-0.02484,-0.02942,-0.02956,-0.03142,-0.02612,91.251,72.789,53.072,9.388,71.254,43.627,58.621,37.931,82.353,0.0,34.483,72.059,55.06,51.832,50.594,42.297,44.545,42.5,2021-08-13,2021-06-17,2021-06-10,2021-08-11,2021-06-11,2021-05-11,57.0,7.0,62.0,61.0,31.0,33.0,2021-06-17,2021-06-11,2021-04-09,2021-08-11,2021-06-15,2021-04-16,2021-08-13,2021-08-09,2021-06-17,2021-08-11,2021-06-18,2021-06-16,2021-08-13,2021-08-09,2021-06-17,2021-08-11,2021-06-18,2021-06-11,0.0,1.0,0.0,1.0,0.0,0.0,1.0,0.0,1.0,0.0,0.0,0.0,0.0,1.0,1.0,0.0,0.0,0.0,1.0,0.0,0.0,1.0,1.0,0.0,0.0,0.0,,,,,,,n2p,p2n,,Life.Bear,Life.BearRecovery,Life.Bear,Life.BearRecovery,Life.Bear,,
2021-08-16,0.09506,,,,,0.20197,0.2426,0.27217,0.28996,0.15817,0.20442,-0.04625,-0.03473,-0.01153,,,-8.48,41.38,-0.81,,,,,,17.0,32.0,1.0,,,,,,-0.0,-0.105,0.04643,-0.06143,0.75581,43.04636,43.046,,-12.01364,22.41379,27.01149,,,32.98319,23.70659,,,0.13025,0.11651,,0.117,-0.4736,-0.702,-0.8799,-0.4063,-0.2284,-0.1779,0.0,0.0,0.0,,,,,,-0.15,,,0.216,0.0,0.0,0.185,0.0,0.0,2021-06-14,1999-01-01,1999-01-01,2021-04-09,1999-01-01,1999-01-01,-55.99,16.76,,,,,8.0,6.0,0.0,0.0,0.0,0.0,-7.0,3.0,0.0,0.0,0.0,0.0,0.175,0.115,0.285,0.005,0.105,0.25,2021-08-13,2021-08-09,2021-06-17,2021-08-11,2021-06-18,2021-06-16,0.117,0.0,0.0,0.0,0.0,0.0,2021-08-16,1999-01-01,1999-01-01,1999-01-01,1999-01-01,1999-01-01,1000.0,500.0,100.0,-0.35,0.03,-99.87,-0.041,-0.014,-0.031,-0.044,-0.039,-0.051,-0.03184,-0.02484,-0.02942,-0.02956,-0.03142,-0.02612,91.251,72.789,53.072,9.388,71.254,43.627,58.621,37.931,82.353,0.0,34.483,72.059,55.06,51.832,50.594,43.046,42.297,44.545,2021-08-13,2021-06-17,2021-06-10,2021-08-11,2021-06-11,2021-05-11,57.0,7.0,62.0,61.0,31.0,33.0,2021-06-17,2021-06-11,2021-04-09,2021-08-11,2021-06-15,2021-04-16,2021-08-13,2021-08-09,2021-06-17,2021-08-11,2021-06-18,2021-06-16,2021-08-13,2021-08-09,2021-06-17,2021-08-16,2021-08-11,2021-06-18,0.0,1.0,0.0,1.0,0.0,0.0,1.0,0.0,1.0,0.0,0.0,0.0,0.0,1.0,1.0,0.0,0.0,0.0,1.0,0.0,0.0,1.0,0.0,0.0,0.0,0.0,,,-100,,,n2p,p2n,,p2n,Life.Bear,Life.BearRecovery,Life.Bear,Life.BearRecovery,Life.Bear,,
2021-09-07,0.08859,,,0.025,,0.18835,0.23407,0.26728,0.28733,0.13768,0.19113,-0.05345,-0.03847,-0.01498,-0.053,,-1.8,41.38,-0.81,,,,,,1.0,32.0,1.0,,,,,,-0.0,-0.045,0.04643,-0.05536,0.83871,45.61404,,,2.56804,6.89655,29.31034,6.897,,36.90476,32.8789,,,0.12523,0.11636,,,-0.5326,-0.7893,-0.9898,-0.4572,-0.2567,-0.2005,0.0,0.0,0.0,,,,,,-0.15,,,0.216,0.0,0.0,0.185,0.0,0.0,2021-06-14,1999-01-01,1999-01-01,2021-04-09,1999-01-01,1999-01-01,-58.99,16.76,,,,,9.0,6.0,0.0,0.0,0.0,0.0,-7.0,3.0,0.0,0.0,0.0,0.0,0.175,0.115,0.285,0.025,0.005,0.105,2021-08-13,2021-08-09,2021-06-17,2021-09-07,2021-08-11,2021-06-18,0.117,0.0,0.0,0.0,0.0,0.0,2021-08-16,1999-01-01,1999-01-01,1999-01-01,1999-01-01,1999-01-01,500.0,100.0,400.0,0.03,-99.87,-37.48,-0.041,-0.014,-0.031,-0.053,-0.044,-0.039,-0.03184,-0.02484,-0.02942,-0.03847,-0.02956,-0.03142,91.251,72.789,53.072,9.388,71.254,43.627,58.621,37.931,82.353,6.897,0.0,34.483,55.06,51.832,50.594,43.046,42.297,44.545,2021-08-13,2021-06-17,2021-06-10,2021-09-07,2021-08-11,2021-06-11,57.0,7.0,62.0,27.0,61.0,31.0,2021-06-17,2021-06-11,2021-04-09,2021-08-11,2021-06-15,2021-04-16,2021-08-13,2021-08-09,2021-06-17,2021-09-07,2021-08-11,2021-06-18,2021-08-13,2021-08-09,2021-06-17,2021-08-16,2021-08-11,2021-06-18,0.0,1.0,0.0,1.0,0.0,0.0,0.0,0.0,1.0,0.0,1.0,0.0,0.0,1.0,1.0,0.0,0.0,0.0,0.0,0.0,0.0,1.0,0.0,0.0,0.0,0.0,,,,,n2p,p2n,,p2n,,Life.Bear,Life.BearRecovery,Life.Bear,Life.BearRecovery,Life.Bear,,
2021-09-08,0.08726,0.087,,,0.125,0.18348,0.22979,0.26446,0.28571,0.13573,0.18623,-0.0505,-0.04088,-0.00962,,-0.051,40.96,-0.81,,,,,,,32.0,1.0,,,,,,,0.1,0.0,0.05357,-0.04821,1.11111,52.63158,,52.632,9.58558,41.37931,23.56322,,41.379,40.19608,36.69468,,40.196,0.12343,0.11559,,,-0.5592,-0.8098,-1.0223,-0.4631,-0.2506,-0.2125,0.0,0.0,0.0,,,,,,-0.15,,,0.216,0.0,0.0,0.087,0.185,0.0,2021-06-14,1999-01-01,1999-01-01,2021-09-08,2021-04-09,1999-01-01,0.0,-59.72,16.76,,,,0.0,10.0,6.0,0.0,0.0,0.0,0.0,-6.0,3.0,0.0,0.0,0.0,0.125,0.175,0.115,0.025,0.005,0.105,2021-09-08,2021-08-13,2021-08-09,2021-09-07,2021-08-11,2021-06-18,0.117,0.0,0.0,0.0,0.0,0.0,2021-08-16,1999-01-01,1999-01-01,1999-01-01,1999-01-01,1999-01-01,100.0,400.0,300100.0,-99.87,-37.48,29930.07,-0.051,-0.041,-0.014,-0.053,-0.044,-0.039,-0.04088,-0.03184,-0.02484,-0.03847,-0.02956,-0.03142,40.196,91.251,72.789,9.388,71.254,43.627,41.379,58.621,37.931,6.897,0.0,34.483,52.632,55.06,51.832,43.046,42.297,44.545,2021-09-08,2021-08-13,2021-06-17,2021-09-07,2021-08-11,2021-06-11,26.0,57.0,7.0,27.0,61.0,31.0,2021-09-08,2021-06-17,2021-06-11,2021-08-11,2021-06-15,2021-04-16,2021-09-08,2021-08-13,2021-08-09,2021-09-07,2021-08-11,2021-06-18,2021-09-08,2021-08-13,2021-08-09,2021-08-16,2021-08-11,2021-06-18,0.0,1.0,0.0,0.0,0.0,0.0,0.0,0.0,1.0,0.0,1.0,0.0,1.0,0.0,1.0,0.0,0.0,0.0,0.0,0.0,0.0,0.0,0.0,0.0,0.0,0.0,300100,,,,p2n,,p2n,,n2p,Life.Bear,Life.BearRecovery,Life.Bear,Life.BearRecovery,Life.Bear,,
2021-09-14,0.08991,,,,,0.17398,0.22313,0.26041,0.28347,0.12408,0.17688,-0.0528,-0.04326,-0.00954,,,36.8,-0.81,,,,,,,28.0,1.0,,,,,,,-0.0,-0.065,0.03607,-0.05286,0.68243,40.56225,,,-12.06975,19.29825,22.5247,,,37.55199,38.21761,,,0.11925,0.11443,,,-0.6034,-0.8643,-1.0949,-0.4915,-0.2609,-0.2306,0.0,0.0,0.0,,,,,,-0.15,,,0.216,0.0,0.0,0.087,0.185,0.0,2021-06-14,1999-01-01,1999-01-01,2021-09-08,2021-04-09,1999-01-01,3.34,-59.72,16.76,,,,1.0,10.0,6.0,0.0,0.0,0.0,3.0,-6.0,3.0,0.0,0.0,0.0,0.125,0.175,0.115,0.025,0.005,0.105,2021-09-08,2021-08-13,2021-08-09,2021-09-07,2021-08-11,2021-06-18,0.117,0.0,0.0,0.0,0.0,0.0,2021-08-16,1999-01-01,1999-01-01,1999-01-01,1999-01-01,1999-01-01,400.0,300100.0,200100.0,-37.48,29930.07,66.53,-0.051,-0.041,-0.014,-0.053,-0.044,-0.039,-0.04088,-0.03184,-0.02484,-0.03847,-0.02956,-0.03142,40.196,91.251,72.789,9.388,71.254,43.627,41.379,58.621,37.931,6.897,0.0,34.483,52.632,55.06,51.832,43.046,42.297,44.545,2021-09-08,2021-08-13,2021-06-17,2021-09-07,2021-08-11,2021-06-11,26.0,57.0,7.0,27.0,61.0,31.0,2021-09-08,2021-06-17,2021-06-11,2021-08-11,2021-06-15,2021-04-16,2021-09-08,2021-08-13,2021-08-09,2021-09-07,2021-08-11,2021-06-18,2021-09-08,2021-08-13,2021-08-09,2021-08-16,2021-08-11,2021-06-18,0.0,1.0,0.0,0.0,0.0,0.0,0.0,0.0,1.0,0.0,1.0,0.0,1.0,0.0,1.0,0.0,0.0,0.0,0.0,0.0,0.0,0.0,0.0,0.0,0.0,0.0,,,,,,p2n,,n2p,,Life.Bear,Life.BearRecovery,Life.Bear,Life.BearRecovery,Life.Bear,,
2021-09-15,0.09496,,,0.005,,0.16098,0.21458,0.25535,0.2807,0.10576,0.16415,-0.05839,-0.04629,-0.0121,-0.058,,29.53,-0.81,,,,,,,27.0,1.0,,,,,,,-0.0,-0.055,0.03607,-0.05643,0.63924,38.99614,38.996,,-13.63586,0.0,20.22585,0.0,,33.63042,37.12616,33.63,,0.11466,0.11293,,,-0.6612,-0.9437,-1.1972,-0.536,-0.2825,-0.2535,0.0,0.0,0.0,,,,,,-0.15,,,0.216,0.0,0.0,0.087,0.185,0.0,2021-06-14,1999-01-01,1999-01-01,2021-09-08,2021-04-09,1999-01-01,9.15,-59.72,16.76,,,,2.0,10.0,6.0,0.0,0.0,0.0,5.0,-6.0,3.0,0.0,0.0,0.0,0.125,0.175,0.115,0.005,0.025,0.005,2021-09-08,2021-08-13,2021-08-09,2021-09-15,2021-09-07,2021-08-11,0.117,0.0,0.0,0.0,0.0,0.0,2021-08-16,1999-01-01,1999-01-01,1999-01-01,1999-01-01,1999-01-01,300100.0,200100.0,100.0,29930.07,66.53,-0.06,-0.051,-0.041,-0.014,-0.058,-0.053,-0.044,-0.04088,-0.03184,-0.02484,-0.04629,-0.03847,-0.02956,40.196,91.251,72.789,33.63,9.388,71.254,41.379,58.621,37.931,0.0,6.897,0.0,52.632,55.06,51.832,38.996,43.046,42.297,2021-09-08,2021-08-13,2021-06-17,2021-09-15,2021-09-07,2021-08-11,26.0,57.0,7.0,8.0,27.0,61.0,2021-09-08,2021-06-17,2021-06-11,2021-09-15,2021-08-11,2021-06-15,2021-09-08,2021-08-13,2021-08-09,2021-09-15,2021-09-07,2021-08-11,2021-09-08,2021-08-13,2021-08-09,2021-09-15,2021-08-16,2021-08-11,0.0,1.0,0.0,0.0,0.0,0.0,1.0,0.0,1.0,0.0,1.0,0.0,1.0,0.0,0.0,0.0,0.0,0.0,1.0,0.0,0.0,0.0,1.0,0.0,0.0,0.0,,,-100,,p2n,,n2p,,p2n,Life.Bear,Life.BearRecovery,Life.Bear,Life.BearRecovery,Life.Bear,,
2021-10-07,0.10103,,,,,0.16014,0.21205,0.25327,0.2794,0.11257,0.1631,-0.05053,-0.04714,-0.0034,,,21.74,-0.81,,,,,,,11.0,1.0,,,,,,,0.145,0.0,0.04643,-0.04286,1.08333,52.0,,52.0,13.004,50.87719,23.39181,,,34.88733,35.35658,,,0.1204,0.11114,,,-0.6735,-0.9313,-1.1926,-0.5191,-0.2578,-0.2613,0.0,0.0,0.0,,,,,,-0.15,,,0.216,0.0,0.0,0.087,0.185,0.0,2021-06-14,1999-01-01,1999-01-01,2021-09-08,2021-04-09,1999-01-01,16.13,-59.72,16.76,,,,3.0,10.0,6.0,0.0,0.0,0.0,5.0,-6.0,3.0,0.0,0.0,0.0,0.125,0.175,0.115,0.005,0.025,0.005,2021-09-08,2021-08-13,2021-08-09,2021-09-15,2021-09-07,2021-08-11,0.117,0.0,0.0,0.0,0.0,0.0,2021-08-16,1999-01-01,1999-01-01,1999-01-01,1999-01-01,1999-01-01,200100.0,100.0,955000.0,66.53,-0.06,130.9,-0.051,-0.041,-0.014,-0.058,-0.053,-0.044,-0.04088,-0.03184,-0.02484,-0.04629,-0.03847,-0.02956,40.196,91.251,72.789,33.63,9.388,71.254,41.379,58.621,37.931,0.0,6.897,0.0,52.0,52.632,55.06,38.996,43.046,42.297,2021-09-08,2021-08-13,2021-06-17,2021-09-15,2021-09-07,2021-08-11,26.0,57.0,7.0,8.0,27.0,61.0,2021-09-08,2021-06-17,2021-06-11,2021-09-15,2021-08-11,2021-06-15,2021-09-08,2021-08-13,2021-08-09,2021-09-15,2021-09-07,2021-08-11,2021-10-07,2021-09-08,2021-08-13,2021-09-15,2021-08-16,2021-08-11,0.0,1.0,0.0,0.0,0.0,0.0,1.0,0.0,1.0,0.0,1.0,0.0,1.0,0.0,0.0,0.0,0.0,0.0,1.0,0.0,1.0,0.0,1.0,0.0,0.0,0.0,955000,,,,,n2p,,p2n,n2p,Life.Bear,Life.BearRecovery,Life.Bear,Life.BearRecovery,Life.Bear,,
2021-10-08,0.10726,,,,0.175,0.16128,0.21059,0.25172,0.27836,0.12217,0.16398,-0.04181,-0.04607,0.00426,,,14.67,-0.81,,,,,,,10.0,1.0,,,,,,,0.025,0.0,0.035,-0.04286,0.81667,44.95413,,,-7.04587,59.64912,36.84211,,59.649,53.84615,40.78797,,,0.11359,0.10905,,,-0.6777,-0.9044,-1.1708,-0.4931,-0.2267,-0.2664,1.0,0.0,1.0,,,,,,-0.15,,,0.216,0.0,0.0,0.087,0.185,0.0,2021-06-14,1999-01-01,1999-01-01,2021-09-08,2021-04-09,1999-01-01,23.29,-59.72,16.76,,,,4.0,10.0,6.0,0.0,0.0,0.0,6.0,-6.0,3.0,0.0,0.0,0.0,0.175,0.125,0.175,0.005,0.025,0.005,2021-10-08,2021-09-08,2021-08-13,2021-09-15,2021-09-07,2021-08-11,0.117,0.0,0.0,0.0,0.0,0.0,2021-08-16,1999-01-01,1999-01-01,1999-01-01,1999-01-01,1999-01-01,100.0,955000.0,600000.0,-0.06,130.9,34.62,-0.051,-0.041,-0.014,-0.058,-0.053,-0.044,-0.04088,-0.03184,-0.02484,-0.04629,-0.03847,-0.02956,40.196,91.251,72.789,33.63,9.388,71.254,59.649,41.379,58.621,0.0,6.897,0.0,52.0,52.632,55.06,38.996,43.046,42.297,2021-09-08,2021-08-13,2021-06-17,2021-09-15,2021-09-07,2021-08-11,26.0,57.0,7.0,8.0,27.0,61.0,2021-09-08,2021-06-17,2021-06-11,2021-09-15,2021-08-11,2021-06-15,2021-10-08,2021-09-08,2021-08-13,2021-09-15,2021-09-07,2021-08-11,2021-10-07,2021-09-08,2021-08-13,2021-09-15,2021-08-16,2021-08-11,0.0,1.0,0.0,0.0,0.0,1.0,1.0,0.0,1.0,0.0,1.0,0.0,1.0,0.0,0.0,0.0,0.0,1.0,1.0,0.0,1.0,0.0,1.0,0.0,0.0,0.0,,,,,n2p,,p2n,n2p,,Life.Bear,Life.BearRecovery,Life.Bear,Life.BearRecovery,Life.Bear,,
2021-10-12,0.11319,,,0.095,,0.15618,0.20606,0.24861,0.27653,0.11799,0.15887,-0.04088,-0.04503,0.00415,,,8.67,-0.81,,,,,,,8.0,1.0,,,,,,,-0.0,-0.08,0.03464,-0.04857,0.71324,41.6309,41.631,,-10.3691,32.14286,47.55639,32.143,,69.23077,52.65475,,69.231,0.11119,0.10676,,,-0.7047,-0.9243,-1.2035,-0.4988,-0.2196,-0.2792,0.0,0.0,0.0,,,,,,-0.15,,,0.216,0.0,0.0,0.087,0.185,0.0,2021-06-14,1999-01-01,1999-01-01,2021-09-08,2021-04-09,1999-01-01,30.1,-59.72,16.76,,,,5.0,10.0,6.0,0.0,0.0,0.0,6.0,-6.0,3.0,0.0,0.0,0.0,0.175,0.125,0.175,0.095,0.005,0.025,2021-10-08,2021-09-08,2021-08-13,2021-10-12,2021-09-15,2021-09-07,0.117,0.0,0.0,0.0,0.0,0.0,2021-08-16,1999-01-01,1999-01-01,1999-01-01,1999-01-01,1999-01-01,955000.0,600000.0,670000.0,130.9,34.62,43.08,-0.051,-0.041,-0.014,-0.058,-0.053,-0.044,-0.04088,-0.03184,-0.02484,-0.04629,-0.03847,-0.02956,69.231,40.196,91.251,33.63,9.388,71.254,59.649,41.379,58.621,32.143,0.0,6.897,52.0,52.632,55.06,41.631,38.996,43.046,2021-09-08,2021-08-13,2021-06-17,2021-09-15,2021-09-07,2021-08-11,26.0,57.0,7.0,8.0,27.0,61.0,2021-10-12,2021-09-08,2021-06-17,2021-09-15,2021-08-11,2021-06-15,2021-10-08,2021-09-08,2021-08-13,2021-10-12,2021-09-15,2021-09-07,2021-10-07,2021-09-08,2021-08-13,2021-10-12,2021-09-15,2021-08-16,0.0,1.0,0.0,0.0,0.0,1.0,0.0,1.0,1.0,0.0,1.0,0.0,0.0,0.0,0.0,0.0,0.0,1.0,0.0,1.0,1.0,0.0,0.0,0.0,0.0,0.0,,,,,,p2n,n2p,,,Life.Bear,Life.BearRecovery,Life.Bear,Life.BearRecovery,Life.Bear,,
2021-10-13,0.11804,,,,0.12,0.1534,0.20269,0.24607,0.27497,0.1183,0.15599,-0.03769,-0.04356,0.00587,,,4.2,-0.81,,,,,,,7.0,1.0,,,,,,,0.025,0.0,0.03643,-0.04571,0.79687,44.34783,,44.348,2.71683,41.07143,44.2878,,,64.10256,62.39316,,,0.10646,0.10421,,,-0.7228,-0.9267,-1.2157,-0.4929,-0.2039,-0.289,0.0,0.0,0.0,,,,,,-0.15,,,0.216,0.0,0.0,0.087,0.185,0.0,2021-06-14,1999-01-01,1999-01-01,2021-09-08,2021-04-09,1999-01-01,35.68,-59.72,16.76,,,,6.0,10.0,6.0,0.0,0.0,0.0,6.0,-6.0,3.0,0.0,0.0,0.0,0.12,0.175,0.125,0.095,0.005,0.025,2021-10-13,2021-10-08,2021-09-08,2021-10-12,2021-09-15,2021-09-07,0.117,0.0,0.0,0.0,0.0,0.0,2021-08-16,1999-01-01,1999-01-01,1999-01-01,1999-01-01,1999-01-01,600000.0,670000.0,700000.0,34.62,43.08,-11.46,-0.051,-0.041,-0.014,-0.058,-0.053,-0.044,-0.04088,-0.03184,-0.02484,-0.04629,-0.03847,-0.02956,69.231,40.196,91.251,33.63,9.388,71.254,59.649,41.379,58.621,32.143,0.0,6.897,44.348,52.0,52.632,41.631,38.996,43.046,2021-09-08,2021-08-13,2021-06-17,2021-09-15,2021-09-07,2021-08-11,26.0,57.0,7.0,8.0,27.0,61.0,2021-10-12,2021-09-08,2021-06-17,2021-09-15,2021-08-11,2021-06-15,2021-10-08,2021-09-08,2021-08-13,2021-10-12,2021-09-15,2021-09-07,2021-10-13,2021-10-07,2021-09-08,2021-10-12,2021-09-15,2021-08-16,0.0,1.0,0.0,0.0,1.0,0.0,0.0,1.0,1.0,0.0,1.0,0.0,0.0,0.0,0.0,0.0,0.0,1.0,0.0,1.0,1.0,0.0,0.0,0.0,0.0,0.0,,,700000,,p2n,n2p,,,p2n,Life.Bear,Life.BearRecovery,Life.Bear,Life.BearRecovery,Life.Bear,,
2021-10-14,0.12093,,,0.105,,0.14968,0.19885,0.24327,0.27328,0.11625,0.15221,-0.03596,-0.04204,0.00608,,,1.71,-0.81,,,,,,,6.0,1.0,,,,,,,-0.0,-0.015,0.03393,-0.04679,0.72519,42.0354,42.035,,-2.3126,51.28205,41.49878,,,38.21734,57.18356,38.217,,0.09993,0.10144,,,-0.7443,-0.9359,-1.236,-0.4917,-0.1916,-0.3001,0.0,0.0,0.0,,,,,,-0.15,,,0.216,0.0,0.0,0.087,0.185,0.0,2021-06-14,1999-01-01,1999-01-01,2021-09-08,2021-04-09,1999-01-01,39.0,-59.72,16.76,,,,7.0,10.0,6.0,0.0,0.0,0.0,6.0,-6.0,3.0,0.0,0.0,0.0,0.12,0.175,0.125,0.105,0.095,0.005,2021-10-13,2021-10-08,2021-09-08,2021-10-14,2021-10-12,2021-09-15,0.117,0.0,0.0,0.0,0.0,0.0,2021-08-16,1999-01-01,1999-01-01,1999-01-01,1999-01-01,1999-01-01,670000.0,700000.0,400000.0,43.08,-11.46,-10.15,-0.051,-0.041,-0.014,-0.058,-0.053,-0.044,-0.04088,-0.03184,-0.02484,-0.04629,-0.03847,-0.02956,69.231,40.196,91.251,38.217,33.63,9.388,59.649,41.379,58.621,32.143,0.0,6.897,44.348,52.0,52.632,42.035,41.631,38.996,2021-09-08,2021-08-13,2021-06-17,2021-09-15,2021-09-07,2021-08-11,26.0,57.0,7.0,8.0,27.0,61.0,2021-10-12,2021-09-08,2021-06-17,2021-10-14,2021-09-15,2021-08-11,2021-10-08,2021-09-08,2021-08-13,2021-10-12,2021-09-15,2021-09-07,2021-10-13,2021-10-07,2021-09-08,2021-10-14,2021-10-12,2021-09-15,0.0,1.0,0.0,0.0,1.0,0.0,0.0,1.0,1.0,0.0,1.0,0.0,0.0,0.0,0.0,1.0,0.0,1.0,0.0,1.0,1.0,0.0,0.0,1.0,0.0,0.0,,,,,n2p,,,p2n,,Life.Bear,Life.BearRecovery,Life.Bear,Life.BearRecovery,Life.Bear,,
2021-10-15,0.1223,,,,0.15,0.1497,0.19694,0.24143,0.27206,0.12145,0.15205,-0.03061,-0.03976,0.00915,,,0.58,-0.81,,,,,,,5.0,1.0,,,,,,,0.045,0.0,0.03714,-0.03393,1.09474,52.26131,,52.261,10.22631,74.35897,55.57082,,74.359,45.74939,49.35643,,,0.09636,0.0988,,,-0.7512,-0.9173,-1.2236,-0.4724,-0.1661,-0.3063,1.0,0.0,1.0,,,,,,-0.15,,,0.216,0.0,0.0,0.087,0.185,0.0,2021-06-14,1999-01-01,1999-01-01,2021-09-08,2021-04-09,1999-01-01,40.57,-59.72,16.76,,,,8.0,10.0,6.0,0.0,0.0,0.0,5.0,-6.0,3.0,0.0,0.0,0.0,0.15,0.12,0.175,0.105,0.095,0.005,2021-10-15,2021-10-13,2021-10-08,2021-10-14,2021-10-12,2021-09-15,0.117,0.0,0.0,0.0,0.0,0.0,2021-08-16,1999-01-01,1999-01-01,1999-01-01,1999-01-01,1999-01-01,700000.0,400000.0,109700.0,-11.46,-10.15,-31.66,-0.051,-0.041,-0.014,-0.058,-0.053,-0.044,-0.04088,-0.03184,-0.02484,-0.04629,-0.03847,-0.02956,69.231,40.196,91.251,38.217,33.63,9.388,74.359,59.649,41.379,32.143,0.0,6.897,52.261,44.348,52.0,42.035,41.631,38.996,2021-09-08,2021-08-13,2021-06-17,2021-09-15,2021-09-07,2021-08-11,26.0,57.0,7.0,8.0,27.0,61.0,2021-10-12,2021-09-08,2021-06-17,2021-10-14,2021-09-15,2021-08-11,2021-10-15,2021-10-08,2021-09-08,2021-10-12,2021-09-15,2021-09-07,2021-10-15,2021-10-13,2021-10-07,2021-10-14,2021-10-12,2021-09-15,0.0,1.0,0.0,0.0,0.0,0.0,0.0,1.0,1.0,0.0,1.0,0.0,0.0,0.0,0.0,1.0,0.0,1.0,0.0,1.0,0.0,1.0,0.0,1.0,0.0,0.0,,,,,,,p2n,,,Life.Bear,Life.BearRecovery,Life.Bear,Life.BearRecovery,Life.Bear,,
2021-10-22,0.1226,,0.123,,,0.14857,0.19451,0.23932,0.27069,0.12353,0.15079,-0.02726,-0.03726,0.01,,,-0.49,,,,,,,,1.0,,,,,,,,-0.0,-0.015,0.03643,-0.035,1.04082,51.0,51.0,,-1.261,66.66667,64.10256,,,50.33369,44.76681,,,0.09234,0.0961,,,-0.7618,-0.9075,-1.2212,-0.4594,-0.1457,-0.3137,1.0,0.0,1.0,,,,,,-0.15,,,0.123,0.216,0.0,0.087,0.185,0.0,2021-10-22,2021-06-14,1999-01-01,2021-09-08,2021-04-09,1999-01-01,0.0,41.38,-59.72,16.76,,,0.0,9.0,10.0,6.0,0.0,0.0,0.0,5.0,-6.0,3.0,0.0,0.0,0.15,0.12,0.175,0.105,0.095,0.005,2021-10-15,2021-10-13,2021-10-08,2021-10-14,2021-10-12,2021-09-15,0.117,0.0,0.0,0.0,0.0,0.0,2021-08-16,1999-01-01,1999-01-01,1999-01-01,1999-01-01,1999-01-01,400000.0,109700.0,110000.0,-10.15,-31.66,-48.77,-0.051,-0.041,-0.014,-0.058,-0.053,-0.044,-0.04088,-0.03184,-0.02484,-0.04629,-0.03847,-0.02956,69.231,40.196,91.251,38.217,33.63,9.388,74.359,59.649,41.379,32.143,0.0,6.897,52.261,44.348,52.0,51.0,42.035,41.631,2021-09-08,2021-08-13,2021-06-17,2021-09-15,2021-09-07,2021-08-11,26.0,57.0,7.0,8.0,27.0,61.0,2021-10-12,2021-09-08,2021-06-17,2021-10-14,2021-09-15,2021-08-11,2021-10-15,2021-10-08,2021-09-08,2021-10-12,2021-09-15,2021-09-07,2021-10-15,2021-10-13,2021-10-07,2021-10-22,2021-10-14,2021-10-12,0.0,0.0,0.0,0.0,0.0,0.0,0.0,1.0,1.0,0.0,1.0,0.0,0.0,0.0,0.0,1.0,0.0,1.0,0.0,1.0,0.0,1.0,0.0,1.0,0.0,0.0,,,,,,p2n,,,,Life.Bear,Life.BearRecovery,Life.Bear,Life.BearRecovery,Life.Bear,,
2021-10-25,0.12234,0.122,,,,0.14714,0.19198,0.23715,0.26929,0.12453,0.14925,-0.02472,-0.03475,0.01003,,,,,,,,,,,,,,,,,,,-0.0,-0.005,0.03643,-0.0275,1.32468,56.98324,,56.983,5.98324,64.10256,68.37607,,,67.15909,54.41406,,67.159,0.0861,0.09313,,,-0.7731,-0.9001,-1.2215,-0.4484,-0.127,-0.3214,1.0,0.0,1.0,,,,,,-0.15,,,0.123,0.216,0.0,0.122,0.087,0.185,2021-10-22,2021-06-14,1999-01-01,2021-10-25,2021-09-08,2021-04-09,0.0,-0.81,41.38,-59.72,16.76,,0.0,1.0,9.0,10.0,6.0,0.0,0.0,-1.0,5.0,-6.0,3.0,0.0,0.15,0.12,0.175,0.105,0.095,0.005,2021-10-15,2021-10-13,2021-10-08,2021-10-14,2021-10-12,2021-09-15,0.117,0.0,0.0,0.0,0.0,0.0,2021-08-16,1999-01-01,1999-01-01,1999-01-01,1999-01-01,1999-01-01,109700.0,110000.0,200000.0,-31.66,-48.77,-32.27,-0.051,-0.041,-0.014,-0.058,-0.053,-0.044,-0.04088,-0.03184,-0.02484,-0.04629,-0.03847,-0.02956,67.159,69.231,40.196,38.217,33.63,9.388,74.359,59.649,41.379,32.143,0.0,6.897,56.983,52.261,44.348,51.0,42.035,41.631,2021-09-08,2021-08-13,2021-06-17,2021-09-15,2021-09-07,2021-08-11,26.0,57.0,7.0,8.0,27.0,61.0,2021-10-25,2021-10-12,2021-09-08,2021-10-14,2021-09-15,2021-08-11,2021-10-15,2021-10-08,2021-09-08,2021-10-12,2021-09-15,2021-09-07,2021-10-25,2021-10-15,2021-10-13,2021-10-22,2021-10-14,2021-10-12,0.0,0.0,0.0,0.0,0.0,0.0,0.0,1.0,1.0,0.0,1.0,0.0,0.0,0.0,0.0,1.0,0.0,1.0,0.0,1.0,0.0,1.0,0.0,1.0,0.0,0.0,,,,,p2n,,,,,Life.Bear,Life.BearRecovery,Life.Bear,Life.BearRecovery,Life.Bear,,
2021-10-26,0.12299,,,0.1,,0.14352,0.18837,0.23444,0.26761,0.12075,0.1456,-0.02485,-0.03277,0.00792,,,,,,,,,,,,,,,,,,,-0.0,-0.03,0.02429,-0.02964,0.81928,45.03311,45.033,,-11.94989,48.71795,59.82906,48.718,,44.24242,53.91174,,,0.08245,0.08998,,,-0.7924,-0.9092,-1.2409,-0.4485,-0.1168,-0.3317,0.0,0.0,0.0,,,,,,-0.15,,,0.123,0.216,0.0,0.122,0.087,0.185,2021-10-22,2021-06-14,1999-01-01,2021-10-25,2021-09-08,2021-04-09,0.81,-0.81,41.38,-59.72,16.76,,1.0,1.0,9.0,10.0,6.0,0.0,1.0,-1.0,5.0,-6.0,3.0,0.0,0.15,0.12,0.175,0.1,0.105,0.095,2021-10-15,2021-10-13,2021-10-08,2021-10-26,2021-10-14,2021-10-12,0.117,0.0,0.0,0.0,0.0,0.0,2021-08-16,1999-01-01,1999-01-01,1999-01-01,1999-01-01,1999-01-01,110000.0,200000.0,490000.0,-48.77,-32.27,90.61,-0.051,-0.041,-0.014,-0.058,-0.053,-0.044,-0.04088,-0.03184,-0.02484,-0.04629,-0.03847,-0.02956,67.159,69.231,40.196,38.217,33.63,9.388,74.359,59.649,41.379,48.718,32.143,0.0,56.983,52.261,44.348,45.033,51.0,42.035,2021-09-08,2021-08-13,2021-06-17,2021-09-15,2021-09-07,2021-08-11,26.0,57.0,7.0,8.0,27.0,61.0,2021-10-25,2021-10-12,2021-09-08,2021-10-14,2021-09-15,2021-08-11,2021-10-15,2021-10-08,2021-09-08,2021-10-26,2021-10-12,2021-09-15,2021-10-25,2021-10-15,2021-10-13,2021-10-26,2021-10-22,2021-10-14,0.0,0.0,0.0,0.0,0.0,0.0,0.0,0.0,1.0,0.0,1.0,0.0,0.0,0.0,0.0,1.0,0.0,1.0,0.0,1.0,0.0,1.0,0.0,0.0,0.0,0.0,-490000,,,,,,,,n2p,Life.Bear,Life.BearRecovery,Life.Bear,Life.BearRecovery,Life.Bear,,
2021-10-27,0.12549,,,,0.125,0.14209,0.18589,0.23227,0.26619,0.12141,0.14407,-0.02267,-0.03075,0.00808,,-0.023,,,,,,,,,,,,,,,,,0.025,0.0,0.02607,-0.02214,1.17742,54.07407,,,9.04107,61.53846,58.11966,,61.538,41.42857,50.94336,,,0.07977,0.08687,,,-0.803,-0.9018,-1.241,-0.438,-0.0988,-0.3392,0.0,0.0,1.0,,,,,,-0.15,,,0.123,0.216,0.0,0.122,0.087,0.185,2021-10-22,2021-06-14,1999-01-01,2021-10-25,2021-09-08,2021-04-09,2.86,-0.81,41.38,-59.72,16.76,,2.0,1.0,9.0,10.0,6.0,0.0,1.0,-1.0,5.0,-6.0,3.0,0.0,0.125,0.15,0.12,0.1,0.105,0.095,2021-10-27,2021-10-15,2021-10-13,2021-10-26,2021-10-14,2021-10-12,0.117,0.0,0.0,0.0,0.0,0.0,2021-08-16,1999-01-01,1999-01-01,1999-01-01,1999-01-01,1999-01-01,200000.0,490000.0,6000.0,-32.27,90.61,-13.0,-0.023,-0.051,-0.041,-0.058,-0.053,-0.044,-0.03075,-0.04088,-0.03184,-0.04629,-0.03847,-0.02956,67.159,69.231,40.196,38.217,33.63,9.388,61.538,74.359,59.649,48.718,32.143,0.0,56.983,52.261,44.348,45.033,51.0,42.035,2021-10-27,2021-09-08,2021-08-13,2021-09-15,2021-09-07,2021-08-11,49.0,26.0,57.0,8.0,27.0,61.0,2021-10-25,2021-10-12,2021-09-08,2021-10-14,2021-09-15,2021-08-11,2021-10-27,2021-10-15,2021-10-08,2021-10-26,2021-10-12,2021-09-15,2021-10-25,2021-10-15,2021-10-13,2021-10-26,2021-10-22,2021-10-14,0.0,0.0,0.0,0.0,0.0,0.0,0.0,0.0,0.0,1.0,1.0,0.0,0.0,0.0,0.0,1.0,0.0,0.0,0.0,1.0,0.0,1.0,0.0,0.0,0.0,0.0,,,6000,,,,,n2p,p2n,Life.Bear,Life.BearRecovery,Life.Bear,Life.BearRecovery,Life.Bear,,
2021-10-28,0.1296,,,0.08,,0.13732,0.18174,0.22926,0.26434,0.11504,0.13933,-0.02429,-0.02946,0.00517,-0.024,,,,,,,,,,,,,,,,,,-0.0,-0.045,0.02607,-0.02214,1.17742,54.07407,,54.074,9.04107,38.46154,49.57265,38.462,,21.42857,35.69986,21.429,,0.07729,0.08369,,,-0.826,-0.9194,-1.2702,-0.4442,-0.0934,-0.3508,0.0,0.0,0.0,,,,,,-0.15,,,0.123,0.216,0.0,0.122,0.087,0.185,2021-10-22,2021-06-14,1999-01-01,2021-10-25,2021-09-08,2021-04-09,6.23,-0.81,41.38,-59.72,16.76,,3.0,1.0,9.0,10.0,6.0,0.0,2.0,-1.0,5.0,-6.0,3.0,0.0,0.125,0.15,0.12,0.08,0.1,0.105,2021-10-27,2021-10-15,2021-10-13,2021-10-28,2021-10-26,2021-10-14,0.117,0.0,0.0,0.0,0.0,0.0,2021-08-16,1999-01-01,1999-01-01,1999-01-01,1999-01-01,1999-01-01,490000.0,6000.0,1000.0,90.61,-13.0,-28.59,-0.023,-0.051,-0.041,-0.024,-0.058,-0.053,-0.03075,-0.04088,-0.03184,-0.02946,-0.04629,-0.03847,67.159,69.231,40.196,21.429,38.217,33.63,61.538,74.359,59.649,38.462,48.718,32.143,54.074,56.983,52.261,45.033,51.0,42.035,2021-10-27,2021-09-08,2021-08-13,2021-10-28,2021-09-15,2021-09-07,49.0,26.0,57.0,43.0,8.0,27.0,2021-10-25,2021-10-12,2021-09-08,2021-10-28,2021-10-14,2021-09-15,2021-10-27,2021-10-15,2021-10-08,2021-10-28,2021-10-26,2021-10-12,2021-10-28,2021-10-25,2021-10-15,2021-10-26,2021-10-22,2021-10-14,0.0,0.0,0.0,0.0,0.0,0.0,1.0,0.0,0.0,1.0,0.0,1.0,0.0,0.0,1.0,0.0,0.0,0.0,0.0,0.0,0.0,0.0,0.0,0.0,0.0,0.0,,,,,,,n2p,p2n,,Life.Bear,Life.BearRecovery,Life.Bear,Life.BearRecovery,Life.Bear,,
2021-10-29,0.13508,,,,,0.13714,0.1799,0.22739,0.26305,0.11811,0.13901,-0.0209,-0.02775,0.00685,,,,,,,,,,,,,,,,,,,0.055,0.0,0.02286,-0.02214,1.03226,50.79365,50.794,,-3.28035,66.66667,55.55556,,,54.7619,39.20635,,,0.0757,0.08041,,,-0.8315,-0.9025,-1.2591,-0.4276,-0.071,-0.3566,0.0,0.0,1.0,,,,,,-0.15,,,0.123,0.216,0.0,0.122,0.087,0.185,2021-10-22,2021-06-14,1999-01-01,2021-10-25,2021-09-08,2021-04-09,10.72,-0.81,41.38,-59.72,16.76,,4.0,1.0,9.0,10.0,6.0,0.0,3.0,-1.0,5.0,-6.0,3.0,0.0,0.125,0.15,0.12,0.08,0.1,0.105,2021-10-27,2021-10-15,2021-10-13,2021-10-28,2021-10-26,2021-10-14,0.117,0.0,0.0,0.0,0.0,0.0,2021-08-16,1999-01-01,1999-01-01,1999-01-01,1999-01-01,1999-01-01,6000.0,1000.0,50000.0,-13.0,-28.59,-88.53,-0.023,-0.051,-0.041,-0.024,-0.058,-0.053,-0.03075,-0.04088,-0.03184,-0.02946,-0.04629,-0.03847,67.159,69.231,40.196,21.429,38.217,33.63,61.538,74.359,59.649,38.462,48.718,32.143,54.074,56.983,52.261,50.794,45.033,51.0,2021-10-27,2021-09-08,2021-08-13,2021-10-28,2021-09-15,2021-09-07,49.0,26.0,57.0,43.0,8.0,27.0,2021-10-25,2021-10-12,2021-09-08,2021-10-28,2021-10-14,2021-09-15,2021-10-27,2021-10-15,2021-10-08,2021-10-28,2021-10-26,2021-10-12,2021-10-28,2021-10-25,2021-10-15,2021-10-29,2021-10-26,2021-10-22,0.0,0.0,0.0,0.0,0.0,0.0,1.0,0.0,0.0,1.0,0.0,1.0,0.0,0.0,1.0,0.0,0.0,0.0,0.0,0.0,0.0,0.0,0.0,0.0,0.0,0.0,,,,50000,,n2p,p2n,,n2n,Life.Bear,Life.BearRecovery,Life.Bear,Life.BearRecovery,Life.Bear,,
2021-11-01,0.1353,,,,,0.13774,0.17853,0.22576,0.26188,0.12224,0.13945,-0.01721,-0.02564,0.00843,,,,,,,,,,,,,,,,,,,0.01,0.0,0.02357,-0.0175,1.34694,57.3913,,,6.5973,71.79487,58.97436,,71.795,66.66667,47.61905,,,0.0735,0.07713,,,-0.8335,-0.8802,-1.2414,-0.4079,-0.0467,-0.3612,1,0,1,,,,,,-0.15,,,0.123,0.216,0.0,0.122,0.087,0.185,2021-10-22,2021-06-14,1999-01-01,2021-10-25,2021-09-08,2021-04-09,16.05,-0.81,41.38,-59.72,16.76,,5.0,1.0,9.0,10.0,6.0,0.0,3.0,-1.0,5.0,-6.0,3.0,0.0,0.125,0.15,0.12,0.08,0.1,0.105,2021-10-27,2021-10-15,2021-10-13,2021-10-28,2021-10-26,2021-10-14,0.117,0.0,0.0,0.0,0.0,0.0,2021-08-16,1999-01-01,1999-01-01,1999-01-01,1999-01-01,1999-01-01,1000,50000,11000,-28.59,-88.53,8.77,-0.023,-0.051,-0.041,-0.024,-0.058,-0.053,-0.03075,-0.04088,-0.03184,-0.02946,-0.04629,-0.03847,67.159,69.231,40.196,21.429,38.217,33.63,61.538,74.359,59.649,38.462,48.718,32.143,54.074,56.983,52.261,50.794,45.033,51.0,2021-10-27,2021-09-08,2021-08-13,2021-10-28,2021-09-15,2021-09-07,49,26,57,43,8,27,2021-10-25,2021-10-12,2021-09-08,2021-10-28,2021-10-14,2021-09-15,2021-10-27,2021-10-15,2021-10-08,2021-10-28,2021-10-26,2021-10-12,2021-10-28,2021-10-25,2021-10-15,2021-10-29,2021-10-26,2021-10-22,0,0,0,0,0,0,1,0,0,1,0,1,0,0,1,0,0,0,0,0,0,0,0,0,0,0,11000.0,,,,n2p,p2n,,n2n,n2p,Life.Bear,Life.BearRecovery,Life.Bear,Life.BearRecovery,Life.Bear,,
2021-11-02,0.1416,,,,,0.1383,0.17722,0.22416,0.26072,0.12574,0.13986,-0.01412,-0.02334,0.00922,,,,,,,,,,,,,,,,,,,0.0,0.0,0.02357,-0.01357,1.73684,63.46154,,,12.66754,54.16667,64.2094,,,100.0,73.80952,,,0.07147,0.07488,,,-0.83502,-0.85862,-1.22419,-0.38917,-0.0236,-0.36557,1,0,1,,,,,,-0.15,,,0.123,0.216,0.0,0.122,0.087,0.185,2021-10-22,2021-06-14,1999-01-01,2021-10-26,2021-09-08,2021-04-09,16.07,-0.81,41.38,-59.72,16.76,,5.0,2.0,9.0,10.0,6.0,0.0,3.0,-0.0,5.0,-6.0,3.0,0.0,0.125,0.15,0.12,0.08,0.1,0.105,2021-10-27,2021-10-15,2021-10-13,2021-10-28,2021-10-26,2021-10-14,0.117,0.0,0.0,0.0,0.0,0.0,2021-08-16,1999-01-01,1999-01-01,1999-01-01,1999-01-01,1999-01-01,50000,11000,10000,-88.53,8.77,14.52,-0.023,-0.051,-0.041,-0.024,-0.058,-0.053,-0.03075,-0.04088,-0.03184,-0.02946,-0.04629,-0.03847,67.159,69.231,40.196,21.429,38.217,33.63,61.538,74.359,59.649,38.462,48.718,32.143,54.074,56.983,52.261,50.794,45.033,51.0,2021-10-27,2021-09-08,2021-08-13,2021-10-28,2021-09-15,2021-09-07,49,26,57,43,8,27,2021-10-25,2021-10-12,2021-09-08,2021-10-28,2021-10-14,2021-09-15,2021-10-27,2021-10-15,2021-10-08,2021-10-28,2021-10-26,2021-10-12,2021-10-28,2021-10-25,2021-10-15,2021-10-29,2021-10-26,2021-10-22,0,0,0,0,0,0,1,0,0,1,0,1,0,0,1,0,0,0,0,0,0,0,0,0,0,0,,,,,p2n,,n2n,n2p,,Life.Bear,Life.BearRecovery,Life.Bear,Life.BearRecovery,Life.Bear,,
