Date,Counter,Open,High,Low,Close,AdjClose,Volume,Dividends,StockSplits,macd_short,macd_long,MACD,MACD_signal,macd_distance,macd_troughs,macd_peaks,ma25,ma50,ma100,ma200,smooth_close,smooth_troughs,smooth_peaks,smooth_distance,close_troughs,close_peaks,PnL1,PnL2,PnL3,PnL4,PnL5,PnL6,PnL7,PnL8,PnL1_days,PnL2_days,PnL3_days,PnL4_days,PnL5_days,PnL6_days,PnL7_days,PnL8_days,rsi_up_chg,rsi_down_chg,rsi_up_chg_avg,rsi_down_chg_avg,rsi_rs,RSI,rsi_troughs,rsi_peaks,rsi_distance,fastK,fastD,fast_troughs,fast_peaks,slowK,slowD,slow_troughs,slow_peaks,EPS,PE,ADJEPS,ADJPE,EP1,EP4,HIGH50,HIGH100,HIGH200,dummy1,LOW50,LOW100,LOW200,dist_no25,dist_no200,dist_all4,all_no25,no200_no25,all_no200,all4_up,no25_up,no200_up,bull_start,bull,bull_retrace,bull_end,bear_start,bear,bear_recovery,bear_end,smooth_p1,smooth_p2,smooth_p3,smooth_t1,smooth_t2,smooth_t3,smooth_p1_date,smooth_p2_date,smooth_p3_date,smooth_t1_date,smooth_t2_date,smooth_t3_date,close_p1,close_p2,close_p3,close_t1,close_t2,close_t3,close_p1_date,close_p2_date,close_p3_date,close_t1_date,close_t2_date,close_t3_date,v3,v2,v1,v3p,v2p,v1p,rise_macd,bull_macd,bear_macd,bull_rsi,bear_rsi,macd_p1,macd_p2,macd_p3,macd_t1,macd_t2,macd_t3,macd_p1_signal,macd_p2_signal,macd_p3_signal,macd_t1_signal,macd_t2_signal,macd_t3_signal,slow_p1,slow_p2,slow_p3,slow_t1,slow_t2,slow_t3,fast_p1,fast_p2,fast_p3,fast_t1,fast_t2,fast_t3,rsi_p1,rsi_p2,rsi_p3,rsi_t1,rsi_t2,rsi_t3,macd_p1_date,macd_p2_date,macd_p3_date,macd_t1_date,macd_t2_date,macd_t3_date,slow_p1_date,slow_p2_date,slow_p3_date,slow_t1_date,slow_t2_date,slow_t3_date,fast_p1_date,fast_p2_date,fast_p3_date,fast_t1_date,fast_t2_date,fast_t3_date,rsi_p1_date,rsi_p2_date,rsi_p3_date,rsi_t1_date,rsi_t2_date,rsi_t3_date,mincp,maxcp,minct,maxct,minmp,maxmp,minmt,maxmt,minsp,maxsp,minst,maxst,minfp,maxfp,minft,maxft,minrp,maxrp,minrt,maxrt,sp_high,sp_vhigh,sp_uhigh,st_high,st_vhigh,st_uhigh,sp_low,sp_vlow,sp_ulow,st_low,st_vlow,st_ulow,fp_high,fp_vhigh,fp_uhigh,ft_high,ft_vhigh,ft_uhigh,fp_low,fp_vlow,fp_ulow,ft_low,ft_vlow,ft_ulow,rp_high,rp_low,rt_high,rt_low,mp_positives,mt_positives,vol_n2p,vol_p2p,vol_p2n,vol_n2n,vol_hist5,vol_hist4,vol_hist3,vol_hist2,vol_hist1,life5,life4,life3,life2,life1,buy_call,sell_call
2019-09-06,MMIS,0.116,0.1208,0.116,0.1208,0.1208,27000,0.0,0,0.1208,0.1208,0.0,0.0,0.0,,,0.1208,0.1208,0.1208,0.1208,0.12276,,,,,,122.39,-6.96,,,,,,,329.0,134.0,,,,,,,,,,,,,,,,,,,,,,,,,,,,,,0,0,0,,0,0,0,-0.0,-0.0,-0.0,0.0,0.0,0.0,0,0,0,,,,,0.15,,,,0.0,0,0,0.0,0,0,1999-01-01,1999-01-01,1999-01-01,1999-01-01,1999-01-01,1999-01-01,0.0,0,0,0.0,0,0,1999-01-01,1999-01-01,1999-01-01,1999-01-01,1999-01-01,1999-01-01,0,0,27000,0.0,0.0,2700000.0,0,0,0,0,0,0.0,0,0,100.0,100,100,0.0,0,0,100.0,100,100,0,0,0,100.0,100,100,0,0,0,100.0,100,100,0,0,0,100.0,100,100,1999-01-01,1999-01-01,1999-01-01,1999-01-01,1999-01-01,1999-01-01,1999-01-01,1999-01-01,1999-01-01,1999-01-01,1999-01-01,1999-01-01,1999-01-01,1999-01-01,1999-01-01,1999-01-01,1999-01-01,1999-01-01,1999-01-01,1999-01-01,1999-01-01,1999-01-01,1999-01-01,1999-01-01,0,0,0,0,0,0,0,0,0,0,0,0,0,0,0,0,0,0,0,0,0,0,0,0,0,0,0,0,0,0,0,0,0,0,0,0,0,0,0,0,0,0,0,0,0,0,0,0,0,1,,,,,,,,,,Life.Empty,Life.Empty,Life.Empty,Life.Empty,Life.BearStart,,
2019-09-12,MMIS,0.1257,0.1305,0.1257,0.1305,0.1305,60000,0.0,0,0.12229,0.12152,0.00077,0.00015,0.00062,,,0.12155,0.12118,0.12099,0.1209,0.12665,,,,,,115.56,-6.96,,,,,,,325.0,134.0,,,,,,,0.0097,0.0,,,,,,,,,,,,,,,,,,,,,,0,0,0,,0,0,0,0.0028,0.0056,0.0065,0.0037,0.0028,0.0009,1,1,1,,0.15,,,,,,,0.0,0,0,0.0,0,0,1999-01-01,1999-01-01,1999-01-01,1999-01-01,1999-01-01,1999-01-01,0.0,0,0,0.0,0,0,1999-01-01,1999-01-01,1999-01-01,1999-01-01,1999-01-01,1999-01-01,0,27000,60000,0.0,2700000.0,222.21,0,0,0,0,0,0.0,0,0,100.0,100,100,0.0,0,0,100.0,100,100,0,0,0,100.0,100,100,0,0,0,100.0,100,100,0,0,0,100.0,100,100,1999-01-01,1999-01-01,1999-01-01,1999-01-01,1999-01-01,1999-01-01,1999-01-01,1999-01-01,1999-01-01,1999-01-01,1999-01-01,1999-01-01,1999-01-01,1999-01-01,1999-01-01,1999-01-01,1999-01-01,1999-01-01,1999-01-01,1999-01-01,1999-01-01,1999-01-01,1999-01-01,1999-01-01,0,0,0,0,0,0,0,0,0,0,0,0,0,0,0,0,0,0,0,0,0,0,0,0,0,0,0,0,0,0,0,0,0,0,0,0,0,0,0,0,0,0,0,0,0,0,0,0,0,1,,,,,,,,,,Life.Empty,Life.Empty,Life.Empty,Life.BearStart,Life.Bull,,
2019-09-20,MMIS,0.1305,0.1353,0.1305,0.1353,0.1353,80000,0.0,0,0.12429,0.12254,0.00175,0.00047,0.00128,,,0.1226,0.12173,0.12128,0.12104,0.1305,,,,,,109.19,-6.96,,,,,,,319.0,134.0,,,,,,,0.0048,0.0,,,,,,,,,,,,,,,,,,,,,,0,0,0,,0,0,0,0.0069,0.0132,0.0156,0.0087,0.0063,0.0024,1,1,1,,0.15,,,,,,,0.0,0,0,0.0,0,0,1999-01-01,1999-01-01,1999-01-01,1999-01-01,1999-01-01,1999-01-01,0.0,0,0,0.0,0,0,1999-01-01,1999-01-01,1999-01-01,1999-01-01,1999-01-01,1999-01-01,27000,60000,80000,2700000.0,222.21,91.95,0,0,0,0,0,0.0,0,0,100.0,100,100,0.0,0,0,100.0,100,100,0,0,0,100.0,100,100,0,0,0,100.0,100,100,0,0,0,100.0,100,100,1999-01-01,1999-01-01,1999-01-01,1999-01-01,1999-01-01,1999-01-01,1999-01-01,1999-01-01,1999-01-01,1999-01-01,1999-01-01,1999-01-01,1999-01-01,1999-01-01,1999-01-01,1999-01-01,1999-01-01,1999-01-01,1999-01-01,1999-01-01,1999-01-01,1999-01-01,1999-01-01,1999-01-01,0,0,0,0,0,0,0,0,0,0,0,0,0,0,0,0,0,0,0,0,0,0,0,0,0,0,0,0,0,0,0,0,0,0,0,0,0,0,0,0,0,0,0,0,0,0,0,0,0,1,,,,,,,,,,Life.Empty,Life.Empty,Life.Empty,Life.BearStart,Life.Bull,,
2019-10-01,MMIS,0.1353,0.1353,0.1353,0.1353,0.1353,10000,0.0,0,0.12599,0.12348,0.0025,0.00088,0.00162,,,0.12358,0.12227,0.12155,0.12118,0.13432,,,,,,103.24,-6.96,,,,,,,312.0,134.0,,,,,,,0.0,0.0,,,,,,,,,,,,,,,,,,,,,,0,0,0,,0,0,0,0.0109,0.0203,0.024,0.0131,0.0094,0.0037,1,1,1,,0.15,,,,,,,0.0,0,0,0.0,0,0,1999-01-01,1999-01-01,1999-01-01,1999-01-01,1999-01-01,1999-01-01,0.0,0,0,0.0,0,0,1999-01-01,1999-01-01,1999-01-01,1999-01-01,1999-01-01,1999-01-01,60000,80000,10000,222.21,91.95,-10.18,0,0,0,0,0,0.0,0,0,100.0,100,100,0.0,0,0,100.0,100,100,0,0,0,100.0,100,100,0,0,0,100.0,100,100,0,0,0,100.0,100,100,1999-01-01,1999-01-01,1999-01-01,1999-01-01,1999-01-01,1999-01-01,1999-01-01,1999-01-01,1999-01-01,1999-01-01,1999-01-01,1999-01-01,1999-01-01,1999-01-01,1999-01-01,1999-01-01,1999-01-01,1999-01-01,1999-01-01,1999-01-01,1999-01-01,1999-01-01,1999-01-01,1999-01-01,0,0,0,0,0,0,0,0,0,0,0,0,0,0,0,0,0,0,0,0,0,0,0,0,0,0,0,0,0,0,0,0,0,0,0,0,0,0,0,0,0,0,0,0,0,0,0,0,0,1,,,10000.0,,,,,,p2n,Life.Empty,Life.Empty,Life.Empty,Life.BearStart,Life.Bull,,
2019-10-15,MMIS,0.1353,0.1353,0.1353,0.1353,0.1353,90000,0.0,0,0.12742,0.12436,0.00306,0.00132,0.00174,,,0.12448,0.12278,0.12183,0.12132,0.13805,,,,,,97.75,-6.96,,,,,,,302.0,134.0,,,,,,,0.0,0.0,,,,,,,,,,,,,,,,,,,,,,0,0,0,,0,0,0,0.0146,0.0265,0.0316,0.017,0.0119,0.0051,1,1,1,,0.15,,,,,,,0.0,0,0,0.0,0,0,1999-01-01,1999-01-01,1999-01-01,1999-01-01,1999-01-01,1999-01-01,0.0,0,0,0.0,0,0,1999-01-01,1999-01-01,1999-01-01,1999-01-01,1999-01-01,1999-01-01,80000,10000,90000,91.95,-10.18,20.0,0,0,0,0,0,0.0,0,0,100.0,100,100,0.0,0,0,100.0,100,100,0,0,0,100.0,100,100,0,0,0,100.0,100,100,0,0,0,100.0,100,100,1999-01-01,1999-01-01,1999-01-01,1999-01-01,1999-01-01,1999-01-01,1999-01-01,1999-01-01,1999-01-01,1999-01-01,1999-01-01,1999-01-01,1999-01-01,1999-01-01,1999-01-01,1999-01-01,1999-01-01,1999-01-01,1999-01-01,1999-01-01,1999-01-01,1999-01-01,1999-01-01,1999-01-01,0,0,0,0,0,0,0,0,0,0,0,0,0,0,0,0,0,0,0,0,0,0,0,0,0,0,0,0,0,0,0,0,0,0,0,0,0,0,0,0,0,0,0,0,0,0,0,0,0,1,,,,,,,,,p2n,Life.Empty,Life.Empty,Life.Empty,Life.BearStart,Life.Bull,,
2019-10-22,MMIS,0.1402,0.1402,0.1402,0.1402,0.1402,30000,0.0,0,0.12939,0.12553,0.00385,0.00182,0.00203,,,0.12569,0.12346,0.12219,0.12151,0.14167,,,,,,92.71,-6.96,,,,,,,297.0,134.0,,,,,,,0.0049,0.0,,,,,,,,,,,,,,,,,,,,,,0,0,0,,0,0,0,0.0195,0.035,0.0418,0.0223,0.0155,0.0068,1,1,1,,0.15,,,,,,,0.0,0,0,0.0,0,0,1999-01-01,1999-01-01,1999-01-01,1999-01-01,1999-01-01,1999-01-01,0.0,0,0,0.0,0,0,1999-01-01,1999-01-01,1999-01-01,1999-01-01,1999-01-01,1999-01-01,10000,90000,30000,-10.18,20.0,-27.78,0,0,0,0,0,0.0,0,0,100.0,100,100,0.0,0,0,100.0,100,100,0,0,0,100.0,100,100,0,0,0,100.0,100,100,0,0,0,100.0,100,100,1999-01-01,1999-01-01,1999-01-01,1999-01-01,1999-01-01,1999-01-01,1999-01-01,1999-01-01,1999-01-01,1999-01-01,1999-01-01,1999-01-01,1999-01-01,1999-01-01,1999-01-01,1999-01-01,1999-01-01,1999-01-01,1999-01-01,1999-01-01,1999-01-01,1999-01-01,1999-01-01,1999-01-01,0,0,0,0,0,0,0,0,0,0,0,0,0,0,0,0,0,0,0,0,0,0,0,0,0,0,0,0,0,0,0,0,0,0,0,0,0,0,0,0,0,0,0,0,0,0,0,0,0,1,,,30000.0,,,,,p2n,p2n,Life.Empty,Life.Empty,Life.Empty,Life.BearStart,Life.Bull,,
2019-11-11,MMIS,0.145,0.145,0.145,0.145,0.145,48000,0.0,0,0.13179,0.12698,0.00481,0.00242,0.00239,,,0.12718,0.12431,0.12264,0.12174,0.14519,,,,,,88.03,-6.96,,,,,,,283.0,134.0,,,,,,,0.0048,0.0,,,,,,,,,,,,100.0,,,,,,,,,,0,0,0,,0,0,0,0.0257,0.0454,0.0544,0.0287,0.0197,0.009,1,1,1,,0.15,,,,,,,0.0,0,0,0.0,0,0,1999-01-01,1999-01-01,1999-01-01,1999-01-01,1999-01-01,1999-01-01,0.0,0,0,0.0,0,0,1999-01-01,1999-01-01,1999-01-01,1999-01-01,1999-01-01,1999-01-01,90000,30000,48000,20.0,-27.78,29.23,0,0,0,0,0,0.0,0,0,100.0,100,100,0.0,0,0,100.0,100,100,0,0,0,100.0,100,100,0,0,0,100.0,100,100,0,0,0,100.0,100,100,1999-01-01,1999-01-01,1999-01-01,1999-01-01,1999-01-01,1999-01-01,1999-01-01,1999-01-01,1999-01-01,1999-01-01,1999-01-01,1999-01-01,1999-01-01,1999-01-01,1999-01-01,1999-01-01,1999-01-01,1999-01-01,1999-01-01,1999-01-01,1999-01-01,1999-01-01,1999-01-01,1999-01-01,0,0,0,0,0,0,0,0,0,0,0,0,0,0,0,0,0,0,0,0,0,0,0,0,0,0,0,0,0,0,0,0,0,0,0,0,0,0,0,0,0,0,0,0,0,0,0,0,0,1,48000.0,,,,,,p2n,p2n,n2p,Life.Empty,Life.Empty,Life.Empty,Life.BearStart,Life.Bull,,
2019-11-21,MMIS,0.145,0.145,0.145,0.145,0.145,37000,0.0,0,0.13382,0.12831,0.00551,0.00304,0.00247,,,0.12855,0.12512,0.12308,0.12198,0.1487,,,,,,83.59,-6.96,,,,,,,275.0,134.0,,,,,,,0.0,0.0,,,,,,,,,,,,100.0,,,,,,,,,,0,0,0,,0,0,0,0.0314,0.0547,0.0657,0.0343,0.0233,0.011,1,1,1,,0.15,,,,,,,0.0,0,0,0.0,0,0,1999-01-01,1999-01-01,1999-01-01,1999-01-01,1999-01-01,1999-01-01,0.0,0,0,0.0,0,0,1999-01-01,1999-01-01,1999-01-01,1999-01-01,1999-01-01,1999-01-01,30000,48000,37000,-27.78,29.23,-31.55,0,0,0,0,0,0.0,0,0,100.0,100,100,0.0,0,0,100.0,100,100,0,0,0,100.0,100,100,0,0,0,100.0,100,100,0,0,0,100.0,100,100,1999-01-01,1999-01-01,1999-01-01,1999-01-01,1999-01-01,1999-01-01,1999-01-01,1999-01-01,1999-01-01,1999-01-01,1999-01-01,1999-01-01,1999-01-01,1999-01-01,1999-01-01,1999-01-01,1999-01-01,1999-01-01,1999-01-01,1999-01-01,1999-01-01,1999-01-01,1999-01-01,1999-01-01,0,0,0,0,0,0,0,0,0,0,0,0,0,0,0,0,0,0,0,0,0,0,0,0,0,0,0,0,0,0,0,0,0,0,0,0,0,0,0,0,0,0,0,0,0,0,0,0,0,1,,,37000.0,,,p2n,p2n,n2p,p2n,Life.Empty,Life.Empty,Life.Empty,Life.BearStart,Life.Bull,,
2019-12-03,MMIS,0.15,0.155,0.15,0.155,0.155,110000,0.0,0,0.13708,0.13029,0.00679,0.00379,0.003,,,0.13058,0.12629,0.12372,0.1223,0.15224,,,,,,79.32,-6.96,,,,,,,267.0,134.0,,,,,,,0.01,0.0,,,,,,,,,,,,100.0,100.0,,,,,,,,,0,0,0,,0,0,0,0.0399,0.0686,0.0828,0.0429,0.0287,0.0142,1,1,1,,0.15,,,,,,,0.0,0,0,0.0,0,0,1999-01-01,1999-01-01,1999-01-01,1999-01-01,1999-01-01,1999-01-01,0.0,0,0,0.0,0,0,1999-01-01,1999-01-01,1999-01-01,1999-01-01,1999-01-01,1999-01-01,48000,37000,110000,29.23,-31.55,69.56,0,0,0,0,0,0.0,0,0,100.0,100,100,0.0,0,0,100.0,100,100,0,0,0,100.0,100,100,0,0,0,100.0,100,100,0,0,0,100.0,100,100,1999-01-01,1999-01-01,1999-01-01,1999-01-01,1999-01-01,1999-01-01,1999-01-01,1999-01-01,1999-01-01,1999-01-01,1999-01-01,1999-01-01,1999-01-01,1999-01-01,1999-01-01,1999-01-01,1999-01-01,1999-01-01,1999-01-01,1999-01-01,1999-01-01,1999-01-01,1999-01-01,1999-01-01,0,0,0,0,0,0,0,0,0,0,0,0,0,0,0,0,0,0,0,0,0,0,0,0,0,0,0,0,0,0,0,0,0,0,0,0,0,0,0,0,0,0,0,0,0,0,0,0,0,1,110000.0,,,,p2n,p2n,n2p,p2n,n2p,Life.Empty,Life.Empty,Life.Empty,Life.BearStart,Life.Bull,,
2019-12-04,MMIS,0.155,0.16,0.155,0.16,0.16,150000,0.0,0,0.14061,0.13249,0.00812,0.00466,0.00346,,,0.13285,0.12761,0.12443,0.12268,0.15598,,,,,,75.02,-6.96,,,,,,,266.0,134.0,,,,,,,0.005,0.0,,,,,,,,,,,,100.0,100.0,,,,,,,,,0,0,0,,0,0,0,0.0493,0.0842,0.1017,0.0524,0.0349,0.0175,1,1,1,,0.15,,,,,,,0.0,0,0,0.0,0,0,1999-01-01,1999-01-01,1999-01-01,1999-01-01,1999-01-01,1999-01-01,0.0,0,0,0.0,0,0,1999-01-01,1999-01-01,1999-01-01,1999-01-01,1999-01-01,1999-01-01,37000,110000,150000,-31.55,69.56,52.31,0,0,0,0,0,0.0,0,0,100.0,100,100,0.0,0,0,100.0,100,100,0,0,0,100.0,100,100,0,0,0,100.0,100,100,0,0,0,100.0,100,100,1999-01-01,1999-01-01,1999-01-01,1999-01-01,1999-01-01,1999-01-01,1999-01-01,1999-01-01,1999-01-01,1999-01-01,1999-01-01,1999-01-01,1999-01-01,1999-01-01,1999-01-01,1999-01-01,1999-01-01,1999-01-01,1999-01-01,1999-01-01,1999-01-01,1999-01-01,1999-01-01,1999-01-01,0,0,0,0,0,0,0,0,0,0,0,0,0,0,0,0,0,0,0,0,0,0,0,0,0,0,0,0,0,0,0,0,0,0,0,0,0,0,0,0,0,0,0,0,0,0,0,0,0,1,,,,,p2n,p2n,n2p,p2n,n2p,Life.Empty,Life.Empty,Life.Empty,Life.BearStart,Life.Bull,,
2019-12-06,MMIS,0.16,0.16,0.16,0.16,0.16,30000,0.0,0,0.14359,0.13453,0.00906,0.00554,0.00353,,,0.13493,0.12888,0.12514,0.12305,0.1603,,,,,,70.3,-6.96,,,,,,,264.0,134.0,,,,,,,0.0,0.0,,,,,,,,,,,,100.0,100.0,,,,,,,,,0,0,0,,0,0,0,0.0583,0.0979,0.1188,0.0605,0.0396,0.0209,1,1,1,,0.15,,,,,,,0.0,0,0,0.0,0,0,1999-01-01,1999-01-01,1999-01-01,1999-01-01,1999-01-01,1999-01-01,0.0,0,0,0.0,0,0,1999-01-01,1999-01-01,1999-01-01,1999-01-01,1999-01-01,1999-01-01,110000,150000,30000,69.56,52.31,-2.36,0,0,0,0,0,0.0,0,0,100.0,100,100,0.0,0,0,100.0,100,100,0,0,0,100.0,100,100,0,0,0,100.0,100,100,0,0,0,100.0,100,100,1999-01-01,1999-01-01,1999-01-01,1999-01-01,1999-01-01,1999-01-01,1999-01-01,1999-01-01,1999-01-01,1999-01-01,1999-01-01,1999-01-01,1999-01-01,1999-01-01,1999-01-01,1999-01-01,1999-01-01,1999-01-01,1999-01-01,1999-01-01,1999-01-01,1999-01-01,1999-01-01,1999-01-01,0,0,0,0,0,0,0,0,0,0,0,0,0,0,0,0,0,0,0,0,0,0,0,0,0,0,0,0,0,0,0,0,0,0,0,0,0,0,0,0,0,0,0,0,0,0,0,0,0,1,,,30000.0,,p2n,n2p,p2n,n2p,p2n,Life.Empty,Life.Empty,Life.Empty,Life.BearStart,Life.Bull,,
2020-01-08,MMIS,0.16,0.16,0.16,0.16,0.16,10000,0.0,0,0.14611,0.13641,0.0097,0.00637,0.00333,,,0.13686,0.1301,0.12583,0.12342,0.16566,,,,,,64.8,-6.96,,,,,,,241.0,134.0,,,,,,,0.0,0.0,,,,,,,,,,,,100.0,100.0,,,,,,,,,0,0,0,,0,0,0,0.0668,0.1103,0.1344,0.0676,0.0435,0.0241,1,1,1,,0.15,,,,,,,0.0,0,0,0.0,0,0,1999-01-01,1999-01-01,1999-01-01,1999-01-01,1999-01-01,1999-01-01,0.0,0,0,0.0,0,0,1999-01-01,1999-01-01,1999-01-01,1999-01-01,1999-01-01,1999-01-01,150000,30000,10000,52.31,-2.36,-34.48,0,0,0,0,0,0.0,0,0,100.0,100,100,0.0,0,0,100.0,100,100,0,0,0,100.0,100,100,0,0,0,100.0,100,100,0,0,0,100.0,100,100,1999-01-01,1999-01-01,1999-01-01,1999-01-01,1999-01-01,1999-01-01,1999-01-01,1999-01-01,1999-01-01,1999-01-01,1999-01-01,1999-01-01,1999-01-01,1999-01-01,1999-01-01,1999-01-01,1999-01-01,1999-01-01,1999-01-01,1999-01-01,1999-01-01,1999-01-01,1999-01-01,1999-01-01,0,0,0,0,0,0,0,0,0,0,0,0,0,0,0,0,0,0,0,0,0,0,0,0,0,0,0,0,0,0,0,0,0,0,0,0,0,0,0,0,0,0,0,0,0,0,0,0,0,1,,,,,p2n,n2p,p2n,n2p,p2n,Life.Empty,Life.Empty,Life.Empty,Life.BearStart,Life.Bull,,
2020-01-24,MMIS,0.165,0.165,0.165,0.165,0.165,30000,0.0,0,0.14902,0.13853,0.01049,0.00719,0.0033,,,0.13903,0.13147,0.1266,0.12383,0.17246,,,,,,58.3,-6.96,,,,,,,229.0,134.0,,,,,,,0.005,0.0,,,,,,,,,,,,100.0,100.0,,,,,,,,,0,0,0,,0,0,0,0.0764,0.1243,0.152,0.0756,0.0479,0.0277,1,1,1,,0.15,,,,,,,0.0,0,0,0.0,0,0,1999-01-01,1999-01-01,1999-01-01,1999-01-01,1999-01-01,1999-01-01,0.0,0,0,0.0,0,0,1999-01-01,1999-01-01,1999-01-01,1999-01-01,1999-01-01,1999-01-01,30000,10000,30000,-2.36,-34.48,-63.16,0,0,0,0,0,0.0,0,0,100.0,100,100,0.0,0,0,100.0,100,100,0,0,0,100.0,100,100,0,0,0,100.0,100,100,0,0,0,100.0,100,100,1999-01-01,1999-01-01,1999-01-01,1999-01-01,1999-01-01,1999-01-01,1999-01-01,1999-01-01,1999-01-01,1999-01-01,1999-01-01,1999-01-01,1999-01-01,1999-01-01,1999-01-01,1999-01-01,1999-01-01,1999-01-01,1999-01-01,1999-01-01,1999-01-01,1999-01-01,1999-01-01,1999-01-01,0,0,0,0,0,0,0,0,0,0,0,0,0,0,0,0,0,0,0,0,0,0,0,0,0,0,0,0,0,0,0,0,0,0,0,0,0,0,0,0,0,0,0,0,0,0,0,0,0,1,,,,,p2n,n2p,p2n,n2p,p2n,Life.Empty,Life.Empty,Life.Empty,Life.BearStart,Life.Bull,,
2020-03-27,MMIS,0.17,0.17,0.17,0.17,0.17,50000,0.0,0,0.15225,0.14086,0.01139,0.00803,0.00335,,,0.14141,0.13298,0.12746,0.12429,0.18097,,,,,,50.86,-6.96,,,,,,,184.0,134.0,,,,,,,0.005,0.0,,,,,,,,100.0,,,,100.0,100.0,,,,,,,,,0,0,0,,0,0,0,0.0869,0.1395,0.1712,0.0843,0.0526,0.0317,1,1,1,,0.15,,,,,,,0.0,0,0,0.0,0,0,1999-01-01,1999-01-01,1999-01-01,1999-01-01,1999-01-01,1999-01-01,0.0,0,0,0.0,0,0,1999-01-01,1999-01-01,1999-01-01,1999-01-01,1999-01-01,1999-01-01,10000,30000,50000,-34.48,-63.16,28.57,0,0,0,0,0,0.0,0,0,100.0,100,100,0.0,0,0,100.0,100,100,0,0,0,100.0,100,100,0,0,0,100.0,100,100,0,0,0,100.0,100,100,1999-01-01,1999-01-01,1999-01-01,1999-01-01,1999-01-01,1999-01-01,1999-01-01,1999-01-01,1999-01-01,1999-01-01,1999-01-01,1999-01-01,1999-01-01,1999-01-01,1999-01-01,1999-01-01,1999-01-01,1999-01-01,1999-01-01,1999-01-01,1999-01-01,1999-01-01,1999-01-01,1999-01-01,0,0,0,0,0,0,0,0,0,0,0,0,0,0,0,0,0,0,0,0,0,0,0,0,0,0,0,0,0,0,0,0,0,0,0,0,0,0,0,0,0,0,0,0,0,0,0,0,0,1,50000.0,,,,n2p,p2n,n2p,p2n,n2p,Life.Empty,Life.Empty,Life.Empty,Life.BearStart,Life.Bull,,
2020-05-27,MMIS,0.175,0.175,0.175,0.175,0.175,100000,0.0,0,0.15575,0.14339,0.01236,0.0089,0.00346,,,0.14399,0.13463,0.12841,0.1248,0.19113,,,,,,42.83,-6.96,,,,,,,141.0,134.0,,,,,,,0.005,0.0,0.00387,0.0,,,,,,100.0,,,,100.0,100.0,,,,,,,,,0,0,0,,0,0,0,0.0983,0.1558,0.1919,0.0936,0.0575,0.0361,1,1,1,,0.15,,,,,,,0.0,0,0,0.0,0,0,1999-01-01,1999-01-01,1999-01-01,1999-01-01,1999-01-01,1999-01-01,0.0,0,0,0.0,0,0,1999-01-01,1999-01-01,1999-01-01,1999-01-01,1999-01-01,1999-01-01,30000,50000,100000,-63.16,28.57,100.0,0,0,0,0,0,0.0,0,0,100.0,100,100,0.0,0,0,100.0,100,100,0,0,0,100.0,100,100,0,0,0,100.0,100,100,0,0,0,100.0,100,100,1999-01-01,1999-01-01,1999-01-01,1999-01-01,1999-01-01,1999-01-01,1999-01-01,1999-01-01,1999-01-01,1999-01-01,1999-01-01,1999-01-01,1999-01-01,1999-01-01,1999-01-01,1999-01-01,1999-01-01,1999-01-01,1999-01-01,1999-01-01,1999-01-01,1999-01-01,1999-01-01,1999-01-01,0,0,0,0,0,0,0,0,0,0,0,0,0,0,0,0,0,0,0,0,0,0,0,0,0,0,0,0,0,0,0,0,0,0,0,0,0,0,0,0,0,0,0,0,0,0,0,0,0,1,,100000.0,,,p2n,n2p,p2n,n2p,p2p,Life.Empty,Life.Empty,Life.Empty,Life.BearStart,Life.Bull,,
2020-06-17,MMIS,0.18,0.18,0.18,0.18,0.18,100000,0.0,0,0.15948,0.1461,0.01338,0.00979,0.00358,,,0.14676,0.13641,0.12943,0.12534,0.20262,,,,,,34.73,-6.96,,,,,,,126.0,134.0,,,,,,,0.005,0.0,0.00354,0.0,,,,,,100.0,100.0,,,100.0,100.0,,,,,,,,,0,0,0,,0,0,0,0.1107,0.1733,0.2142,0.1035,0.0626,0.0409,1,1,1,,0.15,,,,,,,0.0,0,0,0.0,0,0,1999-01-01,1999-01-01,1999-01-01,1999-01-01,1999-01-01,1999-01-01,0.0,0,0,0.0,0,0,1999-01-01,1999-01-01,1999-01-01,1999-01-01,1999-01-01,1999-01-01,50000,100000,100000,28.57,100.0,38.89,0,0,0,0,0,0.0,0,0,100.0,100,100,0.0,0,0,100.0,100,100,0,0,0,100.0,100,100,0,0,0,100.0,100,100,0,0,0,100.0,100,100,1999-01-01,1999-01-01,1999-01-01,1999-01-01,1999-01-01,1999-01-01,1999-01-01,1999-01-01,1999-01-01,1999-01-01,1999-01-01,1999-01-01,1999-01-01,1999-01-01,1999-01-01,1999-01-01,1999-01-01,1999-01-01,1999-01-01,1999-01-01,1999-01-01,1999-01-01,1999-01-01,1999-01-01,0,0,0,0,0,0,0,0,0,0,0,0,0,0,0,0,0,0,0,0,0,0,0,0,0,0,0,0,0,0,0,0,0,0,0,0,0,0,0,0,0,0,0,0,0,0,0,0,0,1,,,,,p2n,n2p,p2n,n2p,p2p,Life.Empty,Life.Empty,Life.Empty,Life.BearStart,Life.Bull,,
2020-09-04,MMIS,0.195,0.21,0.195,0.21,0.21,8000,0.0,0,0.16725,0.15084,0.01642,0.01112,0.0053,,,0.15163,0.13929,0.13102,0.12619,0.21488,,,,,,27.05,-6.96,,,,,,,69.0,134.0,,,,,,,0.03,0.0,0.00534,0.0,,,,,,100.0,100.0,,,100.0,100.0,,,,,,,,,0,0,0,,0,0,0,0.131,0.2061,0.2544,0.1234,0.0751,0.0483,1,1,1,,0.15,,,,,,,0.0,0,0,0.0,0,0,1999-01-01,1999-01-01,1999-01-01,1999-01-01,1999-01-01,1999-01-01,0.0,0,0,0.0,0,0,1999-01-01,1999-01-01,1999-01-01,1999-01-01,1999-01-01,1999-01-01,100000,100000,8000,100.0,38.89,-16.8,0,0,0,0,0,0.0,0,0,100.0,100,100,0.0,0,0,100.0,100,100,0,0,0,100.0,100,100,0,0,0,100.0,100,100,0,0,0,100.0,100,100,1999-01-01,1999-01-01,1999-01-01,1999-01-01,1999-01-01,1999-01-01,1999-01-01,1999-01-01,1999-01-01,1999-01-01,1999-01-01,1999-01-01,1999-01-01,1999-01-01,1999-01-01,1999-01-01,1999-01-01,1999-01-01,1999-01-01,1999-01-01,1999-01-01,1999-01-01,1999-01-01,1999-01-01,0,0,0,0,0,0,0,0,0,0,0,0,0,0,0,0,0,0,0,0,0,0,0,0,0,0,0,0,0,0,0,0,0,0,0,0,0,0,0,0,0,0,0,0,0,0,0,0,0,1,,,8000.0,,n2p,p2n,n2p,p2p,p2n,Life.Empty,Life.Empty,Life.Empty,Life.BearStart,Life.Bull,,
2020-09-07,MMIS,0.22,0.24,0.22,0.24,0.24,7000,0.0,0,0.17844,0.15744,0.021,0.01309,0.00791,,,0.15843,0.14324,0.13318,0.12732,0.22718,,,,,,20.17,-6.96,,,,,,,68.0,134.0,,,,,,,0.03,0.0,0.00748,0.0,,,,,,100.0,100.0,,,100.0,100.0,,,,,,,,,0,0,0,,0,0,0,0.1592,0.2525,0.3111,0.1519,0.0933,0.0586,1,1,1,,0.15,,,,,,,0.0,0,0,0.0,0,0,1999-01-01,1999-01-01,1999-01-01,1999-01-01,1999-01-01,1999-01-01,0.0,0,0,0.0,0,0,1999-01-01,1999-01-01,1999-01-01,1999-01-01,1999-01-01,1999-01-01,100000,8000,7000,38.89,-16.8,-44.71,0,0,0,0,0,0.0,0,0,100.0,100,100,0.0,0,0,100.0,100,100,0,0,0,100.0,100,100,0,0,0,100.0,100,100,0,0,0,100.0,100,100,1999-01-01,1999-01-01,1999-01-01,1999-01-01,1999-01-01,1999-01-01,1999-01-01,1999-01-01,1999-01-01,1999-01-01,1999-01-01,1999-01-01,1999-01-01,1999-01-01,1999-01-01,1999-01-01,1999-01-01,1999-01-01,1999-01-01,1999-01-01,1999-01-01,1999-01-01,1999-01-01,1999-01-01,0,0,0,0,0,0,0,0,0,0,0,0,0,0,0,0,0,0,0,0,0,0,0,0,0,0,0,0,0,0,0,0,0,0,0,0,0,0,0,0,0,0,0,0,0,0,0,0,0,1,,,,,n2p,p2n,n2p,p2p,p2n,Life.Empty,Life.Empty,Life.Empty,Life.BearStart,Life.Bull,,
2020-09-08,MMIS,0.25,0.26,0.25,0.26,0.26,8000,0.0,0,0.19099,0.16504,0.02595,0.01567,0.01029,,,0.16624,0.14782,0.13569,0.12864,0.23872,,,,,,14.36,-6.96,,,,,,,67.0,134.0,,,,,,,0.02,0.0,0.00891,0.0,,,,,,100.0,100.0,,,100.0,100.0,,,,,,,,,0,0,0,,0,0,0,0.1918,0.3055,0.376,0.1842,0.1137,0.0705,1,1,1,,0.15,,,,,,,0.0,0,0,0.0,0,0,1999-01-01,1999-01-01,1999-01-01,1999-01-01,1999-01-01,1999-01-01,0.0,0,0,0.0,0,0,1999-01-01,1999-01-01,1999-01-01,1999-01-01,1999-01-01,1999-01-01,8000,7000,8000,-16.8,-44.71,-80.0,0,0,0,0,0,0.0,0,0,100.0,100,100,0.0,0,0,100.0,100,100,0,0,0,100.0,100,100,0,0,0,100.0,100,100,0,0,0,100.0,100,100,1999-01-01,1999-01-01,1999-01-01,1999-01-01,1999-01-01,1999-01-01,1999-01-01,1999-01-01,1999-01-01,1999-01-01,1999-01-01,1999-01-01,1999-01-01,1999-01-01,1999-01-01,1999-01-01,1999-01-01,1999-01-01,1999-01-01,1999-01-01,1999-01-01,1999-01-01,1999-01-01,1999-01-01,0,0,0,0,0,0,0,0,0,0,0,0,0,0,0,0,0,0,0,0,0,0,0,0,0,0,0,0,0,0,0,0,0,0,0,0,0,0,0,0,0,0,0,0,0,0,0,0,0,1,,,,,n2p,p2n,n2p,p2p,p2n,Life.Empty,Life.Empty,Life.Empty,Life.BearStart,Life.Bull,,
2020-09-11,MMIS,0.26,0.27,0.26,0.27,0.27,13000,0.0,0,0.20315,0.17281,0.03033,0.0186,0.01173,,,0.17422,0.15261,0.13835,0.13005,0.24879,,,,,,9.73,-6.96,,,,,,,64.0,134.0,,,,,,,0.01,0.0,0.00927,0.0,,,,,,100.0,100.0,,,100.0,100.0,,,,,,,,,0,0,0,,0,0,0,0.2256,0.3587,0.4417,0.2161,0.1331,0.083,1,1,1,,0.15,,,,,,,0.0,0,0,0.0,0,0,1999-01-01,1999-01-01,1999-01-01,1999-01-01,1999-01-01,1999-01-01,0.0,0,0,0.0,0,0,1999-01-01,1999-01-01,1999-01-01,1999-01-01,1999-01-01,1999-01-01,7000,8000,13000,-44.71,-80.0,21.74,0,0,0,0,0,0.0,0,0,100.0,100,100,0.0,0,0,100.0,100,100,0,0,0,100.0,100,100,0,0,0,100.0,100,100,0,0,0,100.0,100,100,1999-01-01,1999-01-01,1999-01-01,1999-01-01,1999-01-01,1999-01-01,1999-01-01,1999-01-01,1999-01-01,1999-01-01,1999-01-01,1999-01-01,1999-01-01,1999-01-01,1999-01-01,1999-01-01,1999-01-01,1999-01-01,1999-01-01,1999-01-01,1999-01-01,1999-01-01,1999-01-01,1999-01-01,0,0,0,0,0,0,0,0,0,0,0,0,0,0,0,0,0,0,0,0,0,0,0,0,0,0,0,0,0,0,0,0,0,0,0,0,0,0,0,0,0,0,0,0,0,0,0,0,0,1,13000.0,,,,p2n,n2p,p2p,p2n,n2p,Life.Empty,Life.Empty,Life.Empty,Life.BearStart,Life.Bull,,
2020-09-14,MMIS,0.27,0.27,0.27,0.27,0.27,100000,0.0,0,0.21343,0.18001,0.03342,0.02156,0.01186,,,0.18159,0.15722,0.14096,0.13144,0.25695,,,,,,6.25,-6.96,,,,,,,63.0,134.0,,,,,,,0.0,0.0,0.00893,0.0,,,,,,100.0,100.0,,,100.0,100.0,,,,,,,,,0,0,0,,0,0,0,0.2578,0.4063,0.5015,0.2437,0.1485,0.0952,1,1,1,,0.15,,,,,,,0.0,0,0,0.0,0,0,1999-01-01,1999-01-01,1999-01-01,1999-01-01,1999-01-01,1999-01-01,0.0,0,0,0.0,0,0,1999-01-01,1999-01-01,1999-01-01,1999-01-01,1999-01-01,1999-01-01,8000,13000,100000,-80.0,21.74,332.13,0,0,0,0,0,0.0,0,0,100.0,100,100,0.0,0,0,100.0,100,100,0,0,0,100.0,100,100,0,0,0,100.0,100,100,0,0,0,100.0,100,100,1999-01-01,1999-01-01,1999-01-01,1999-01-01,1999-01-01,1999-01-01,1999-01-01,1999-01-01,1999-01-01,1999-01-01,1999-01-01,1999-01-01,1999-01-01,1999-01-01,1999-01-01,1999-01-01,1999-01-01,1999-01-01,1999-01-01,1999-01-01,1999-01-01,1999-01-01,1999-01-01,1999-01-01,0,0,0,0,0,0,0,0,0,0,0,0,0,0,0,0,0,0,0,0,0,0,0,0,0,0,0,0,0,0,0,0,0,0,0,0,0,0,0,0,0,0,0,0,0,0,0,0,0,1,,100000.0,,,n2p,p2p,p2n,n2p,p2p,Life.Empty,Life.Empty,Life.Empty,Life.BearStart,Life.Bull,,
2020-09-17,MMIS,0.27,0.27,0.27,0.27,0.27,200000,0.0,0,0.22213,0.18668,0.03546,0.02434,0.01111,,,0.18839,0.16164,0.14351,0.13282,0.26308,,,,,,3.77,-6.96,,,,,,,60.0,134.0,,,,,,,0.0,0.0,0.00893,0.0,,,,,,100.0,100.0,,,100.0,100.0,,,,,,,,,0,0,0,,0,0,0,0.2882,0.4488,0.5557,0.2675,0.1606,0.1069,1,1,1,,0.15,,,,,,,0.0,0,0,0.0,0,0,1999-01-01,1999-01-01,1999-01-01,1999-01-01,1999-01-01,1999-01-01,0.0,0,0,0.0,0,0,1999-01-01,1999-01-01,1999-01-01,1999-01-01,1999-01-01,1999-01-01,13000,100000,200000,21.74,332.13,158.68,0,0,0,0,0,0.0,0,0,100.0,100,100,0.0,0,0,100.0,100,100,0,0,0,100.0,100,100,0,0,0,100.0,100,100,0,0,0,100.0,100,100,1999-01-01,1999-01-01,1999-01-01,1999-01-01,1999-01-01,1999-01-01,1999-01-01,1999-01-01,1999-01-01,1999-01-01,1999-01-01,1999-01-01,1999-01-01,1999-01-01,1999-01-01,1999-01-01,1999-01-01,1999-01-01,1999-01-01,1999-01-01,1999-01-01,1999-01-01,1999-01-01,1999-01-01,0,0,0,0,0,0,0,0,0,0,0,0,0,0,0,0,0,0,0,0,0,0,0,0,0,0,0,0,0,0,0,0,0,0,0,0,0,0,0,0,0,0,0,0,0,0,0,0,0,1,,,,,n2p,p2p,p2n,n2p,p2p,Life.Empty,Life.Empty,Life.Empty,Life.BearStart,Life.Bull,,
2020-09-21,MMIS,0.27,0.27,0.27,0.27,0.27,220000,0.0,0,0.2295,0.19285,0.03665,0.0268,0.00985,,,0.19467,0.16589,0.14602,0.13418,0.26731,,,,,,2.13,-6.96,,,,,,,58.0,134.0,,,,,,,0.0,0.0,0.00821,0.0,,,,,,100.0,100.0,,,100.0,100.0,,,,,,,,,0,0,0,,0,0,0,0.3171,0.4865,0.6049,0.2878,0.1694,0.1184,1,1,1,,0.15,,,,,,,0.0,0,0,0.0,0,0,1999-01-01,1999-01-01,1999-01-01,1999-01-01,1999-01-01,1999-01-01,0.0,0,0,0.0,0,0,1999-01-01,1999-01-01,1999-01-01,1999-01-01,1999-01-01,1999-01-01,100000,200000,220000,332.13,158.68,66.13,0,0,0,0,0,0.0,0,0,100.0,100,100,0.0,0,0,100.0,100,100,0,0,0,100.0,100,100,0,0,0,100.0,100,100,0,0,0,100.0,100,100,1999-01-01,1999-01-01,1999-01-01,1999-01-01,1999-01-01,1999-01-01,1999-01-01,1999-01-01,1999-01-01,1999-01-01,1999-01-01,1999-01-01,1999-01-01,1999-01-01,1999-01-01,1999-01-01,1999-01-01,1999-01-01,1999-01-01,1999-01-01,1999-01-01,1999-01-01,1999-01-01,1999-01-01,0,0,0,0,0,0,0,0,0,0,0,0,0,0,0,0,0,0,0,0,0,0,0,0,0,0,0,0,0,0,0,0,0,0,0,0,0,0,0,0,0,0,0,0,0,0,0,0,0,1,,,,,n2p,p2p,p2n,n2p,p2p,Life.Empty,Life.Empty,Life.Empty,Life.BearStart,Life.Bull,,
2020-09-22,MMIS,0.27,0.27,0.27,0.27,0.27,150000,0.0,0,0.23573,0.19856,0.03716,0.02888,0.00829,,,0.20046,0.16997,0.14847,0.13553,0.27002,,,,,,1.1,-6.96,,,,,,,57.0,134.0,,,,,,,0.0,0.0,0.00786,0.0,,,,,,100.0,100.0,,,100.0,100.0,,,,,,,,,0,0,0,,0,0,0,0.3444,0.5199,0.6493,0.3049,0.1755,0.1294,1,1,1,,0.15,,,,,,,0.0,0,0,0.0,0,0,1999-01-01,1999-01-01,1999-01-01,1999-01-01,1999-01-01,1999-01-01,0.0,0,0,0.0,0,0,1999-01-01,1999-01-01,1999-01-01,1999-01-01,1999-01-01,1999-01-01,200000,220000,150000,158.68,66.13,9.62,0,0,0,0,0,0.0,0,0,100.0,100,100,0.0,0,0,100.0,100,100,0,0,0,100.0,100,100,0,0,0,100.0,100,100,0,0,0,100.0,100,100,1999-01-01,1999-01-01,1999-01-01,1999-01-01,1999-01-01,1999-01-01,1999-01-01,1999-01-01,1999-01-01,1999-01-01,1999-01-01,1999-01-01,1999-01-01,1999-01-01,1999-01-01,1999-01-01,1999-01-01,1999-01-01,1999-01-01,1999-01-01,1999-01-01,1999-01-01,1999-01-01,1999-01-01,0,0,0,0,0,0,0,0,0,0,0,0,0,0,0,0,0,0,0,0,0,0,0,0,0,0,0,0,0,0,0,0,0,0,0,0,0,0,0,0,0,0,0,0,0,0,0,0,0,1,,,,,n2p,p2p,p2n,n2p,p2p,Life.Empty,Life.Empty,Life.Empty,Life.BearStart,Life.Bull,,
2020-09-23,MMIS,0.27,0.27,0.27,0.27,0.27,500000,0.0,0,0.241,0.20386,0.03715,0.03053,0.00662,,,0.20581,0.17389,0.15088,0.13687,0.27164,,,,,,0.5,-6.96,,,,,,,56.0,134.0,,,,,,,0.0,0.0,0.00786,0.0,,,,,,100.0,100.0,,,,,,,,,,,,,0,0,0,,0,0,0,0.3702,0.5493,0.6894,0.3192,0.1791,0.1401,1,1,1,,0.15,,,,,,,0.0,0,0,0.0,0,0,1999-01-01,1999-01-01,1999-01-01,1999-01-01,1999-01-01,1999-01-01,0.0,0,0,0.0,0,0,1999-01-01,1999-01-01,1999-01-01,1999-01-01,1999-01-01,1999-01-01,220000,150000,500000,66.13,9.62,52.63,0,0,0,0,0,0.0,0,0,100.0,100,100,0.0,0,0,100.0,100,100,0,0,0,100.0,100,100,0,0,0,100.0,100,100,0,0,0,100.0,100,100,1999-01-01,1999-01-01,1999-01-01,1999-01-01,1999-01-01,1999-01-01,1999-01-01,1999-01-01,1999-01-01,1999-01-01,1999-01-01,1999-01-01,1999-01-01,1999-01-01,1999-01-01,1999-01-01,1999-01-01,1999-01-01,1999-01-01,1999-01-01,1999-01-01,1999-01-01,1999-01-01,1999-01-01,0,0,0,0,0,0,0,0,0,0,0,0,0,0,0,0,0,0,0,0,0,0,0,0,0,0,0,0,0,0,0,0,0,0,0,0,0,0,0,0,0,0,0,0,0,0,0,0,0,1,,500000.0,,,p2p,p2n,n2p,p2p,p2p,Life.Empty,Life.Empty,Life.Empty,Life.BearStart,Life.Bull,,
2020-12-09,MMIS,0.27,0.27,0.27,0.27,0.27,40000,0.0,0,0.24546,0.20876,0.03671,0.03177,0.00494,,0.037,0.21075,0.17766,0.15324,0.1382,0.27243,,,,,,0.21,-6.96,,,,,,,1.0,134.0,,,,,,,0.0,0.0,0.00786,0.0,,,,,,100.0,100.0,,,,,,,,,,,,,0,0,0,,0,0,0,0.3946,0.5751,0.7255,0.3309,0.1805,0.1504,1,1,1,,0.15,,,,,,,0.0,0,0,0.0,0,0,1999-01-01,1999-01-01,1999-01-01,1999-01-01,1999-01-01,1999-01-01,0.0,0,0,0.0,0,0,1999-01-01,1999-01-01,1999-01-01,1999-01-01,1999-01-01,1999-01-01,150000,500000,40000,9.62,52.63,-20.69,0,0,0,0,0,0.037,0,0,100.0,100,100,0.03177,0,0,100.0,100,100,0,0,0,100.0,100,100,0,0,0,100.0,100,100,0,0,0,100.0,100,100,2020-12-09,1999-01-01,1999-01-01,1999-01-01,1999-01-01,1999-01-01,1999-01-01,1999-01-01,1999-01-01,1999-01-01,1999-01-01,1999-01-01,1999-01-01,1999-01-01,1999-01-01,1999-01-01,1999-01-01,1999-01-01,1999-01-01,1999-01-01,1999-01-01,1999-01-01,1999-01-01,1999-01-01,0,0,0,0,0,1,0,0,0,0,0,0,0,0,0,0,0,0,0,0,0,0,0,0,0,0,0,0,0,0,0,0,0,0,0,0,0,0,0,0,0,0,0,0,0,0,0,0,0,1,,,40000.0,,p2n,n2p,p2p,p2p,p2n,Life.Empty,Life.Empty,Life.Empty,Life.BearStart,Life.Bull,,
2020-12-10,MMIS,0.27,0.27,0.27,0.27,0.27,110000,0.0,0,0.24924,0.21329,0.03595,0.0326,0.00334,,,0.21531,0.18128,0.15555,0.13951,0.27253,,0.273,,,,-6.8,,,,,,,,134.0,,,,,,,,0.0,0.0,0.0075,0.0,,,,,,100.0,100.0,,,,,,,,,,,,,0,0,0,,0,0,0,0.4177,0.5976,0.758,0.3403,0.1799,0.1604,1,1,1,,0.15,,,,,,,0.273,0,0,0.0,0,0,2020-12-10,1999-01-01,1999-01-01,1999-01-01,1999-01-01,1999-01-01,0.0,0,0,0.0,0,0,1999-01-01,1999-01-01,1999-01-01,1999-01-01,1999-01-01,1999-01-01,500000,40000,110000,52.63,-20.69,-5.8,0,0,0,0,0,0.037,0,0,100.0,100,100,0.03177,0,0,100.0,100,100,0,0,0,100.0,100,100,0,0,0,100.0,100,100,0,0,0,100.0,100,100,2020-12-09,1999-01-01,1999-01-01,1999-01-01,1999-01-01,1999-01-01,1999-01-01,1999-01-01,1999-01-01,1999-01-01,1999-01-01,1999-01-01,1999-01-01,1999-01-01,1999-01-01,1999-01-01,1999-01-01,1999-01-01,1999-01-01,1999-01-01,1999-01-01,1999-01-01,1999-01-01,1999-01-01,0,0,0,0,0,1,0,0,0,0,0,0,0,0,0,0,0,0,0,0,0,0,0,0,0,0,0,0,0,0,0,0,0,0,0,0,0,0,0,0,0,0,0,0,0,0,0,0,0,1,,,,,p2n,n2p,p2p,p2p,p2n,Life.Empty,Life.Empty,Life.Empty,Life.BearStart,Life.Bull,,
2021-01-05,MMIS,0.28,0.28,0.28,0.28,0.28,24000,0.0,0,0.25397,0.21823,0.03574,0.03323,0.00251,,,0.22028,0.18516,0.15801,0.14091,0.2719,,,0.007,,,-6.58,,,,,,,,116.0,,,,,,,,0.01,0.0,0.00786,0.0,,,,,,100.0,100.0,,,,,,,,,,,,,0,0,0,,0,0,0,0.4425,0.6227,0.7937,0.3512,0.1802,0.171,1,1,1,,0.15,,,,,,,0.273,0,0,0.0,0,0,2020-12-10,1999-01-01,1999-01-01,1999-01-01,1999-01-01,1999-01-01,0.0,0,0,0.0,0,0,1999-01-01,1999-01-01,1999-01-01,1999-01-01,1999-01-01,1999-01-01,40000,110000,24000,-20.69,-5.8,-73.23,0,0,0,0,0,0.037,0,0,100.0,100,100,0.03177,0,0,100.0,100,100,0,0,0,100.0,100,100,0,0,0,100.0,100,100,0,0,0,100.0,100,100,2020-12-09,1999-01-01,1999-01-01,1999-01-01,1999-01-01,1999-01-01,1999-01-01,1999-01-01,1999-01-01,1999-01-01,1999-01-01,1999-01-01,1999-01-01,1999-01-01,1999-01-01,1999-01-01,1999-01-01,1999-01-01,1999-01-01,1999-01-01,1999-01-01,1999-01-01,1999-01-01,1999-01-01,0,0,0,0,0,1,0,0,0,0,0,0,0,0,0,0,0,0,0,0,0,0,0,0,0,0,0,0,0,0,0,0,0,0,0,0,0,0,0,0,0,0,0,0,0,0,0,0,0,1,,,,24000.0,n2p,p2p,p2p,p2n,n2n,Life.Empty,Life.Empty,Life.Empty,Life.BearStart,Life.Bull,,
2021-02-04,MMIS,0.28,0.28,0.28,0.28,0.28,20000,0.0,0,0.25797,0.22281,0.03517,0.03362,0.00155,,,0.22488,0.18887,0.16043,0.14229,0.27051,,,0.007,,,-6.1,,,,,,,,94.0,,,,,,,,0.0,0.0,0.0075,0.0,,,,,,100.0,100.0,,,,,,,,,,,,,0,0,0,,0,0,0,0.4658,0.6445,0.8259,0.3601,0.1787,0.1814,1,1,1,,0.15,,,,,,,0.273,0,0,0.0,0,0,2020-12-10,1999-01-01,1999-01-01,1999-01-01,1999-01-01,1999-01-01,0.0,0,0,0.0,0,0,1999-01-01,1999-01-01,1999-01-01,1999-01-01,1999-01-01,1999-01-01,110000,24000,20000,-5.8,-73.23,-11.49,0,0,0,0,0,0.037,0,0,100.0,100,100,0.03177,0,0,100.0,100,100,0,0,0,100.0,100,100,0,0,0,100.0,100,100,0,0,0,100.0,100,100,2020-12-09,1999-01-01,1999-01-01,1999-01-01,1999-01-01,1999-01-01,1999-01-01,1999-01-01,1999-01-01,1999-01-01,1999-01-01,1999-01-01,1999-01-01,1999-01-01,1999-01-01,1999-01-01,1999-01-01,1999-01-01,1999-01-01,1999-01-01,1999-01-01,1999-01-01,1999-01-01,1999-01-01,0,0,0,0,0,1,0,0,0,0,0,0,0,0,0,0,0,0,0,0,0,0,0,0,0,0,0,0,0,0,0,0,0,0,0,0,0,0,0,0,0,0,0,0,0,0,0,0,0,1,,,,,n2p,p2p,p2p,p2n,n2n,Life.Empty,Life.Empty,Life.Empty,Life.BearStart,Life.Bull,,
2021-03-02,MMIS,0.28,0.28,0.28,0.28,0.28,30000,0.0,0,0.26136,0.22704,0.03432,0.03376,0.00056,,,0.22912,0.19245,0.1628,0.14366,0.26838,,,0.007,,,-5.36,,,,,,,,76.0,,,,,,,,0.0,0.0,0.00714,0.0,,,,,,100.0,100.0,,,100.0,,,,35.98,0.78,1.0,28.0,1.5,0.89,1,1,1,-,0,0,0,0.4879,0.6632,0.8546,0.3667,0.1753,0.1914,1,1,1,,0.15,,,,,,,0.273,0,0,0.0,0,0,2020-12-10,1999-01-01,1999-01-01,1999-01-01,1999-01-01,1999-01-01,0.0,0,0,0.0,0,0,1999-01-01,1999-01-01,1999-01-01,1999-01-01,1999-01-01,1999-01-01,24000,20000,30000,-73.23,-11.49,-51.95,0,0,0,0,0,0.037,0,0,100.0,100,100,0.03177,0,0,100.0,100,100,0,0,0,100.0,100,100,0,0,0,100.0,100,100,0,0,0,100.0,100,100,2020-12-09,1999-01-01,1999-01-01,1999-01-01,1999-01-01,1999-01-01,1999-01-01,1999-01-01,1999-01-01,1999-01-01,1999-01-01,1999-01-01,1999-01-01,1999-01-01,1999-01-01,1999-01-01,1999-01-01,1999-01-01,1999-01-01,1999-01-01,1999-01-01,1999-01-01,1999-01-01,1999-01-01,0,0,0,0,0,1,0,0,0,0,0,0,0,0,0,0,0,0,0,0,0,0,0,0,0,0,0,0,0,0,0,0,0,0,0,0,0,0,0,0,0,0,0,0,0,0,0,0,0,1,,,,30000.0,p2p,p2p,p2n,n2n,n2n,Life.Empty,Life.Empty,Life.Empty,Life.BearStart,Life.Bull,,
2021-03-04,MMIS,0.275,0.28,0.275,0.28,0.28,40000,0.0,0,0.26423,0.23097,0.03326,0.03366,-0.00039,,,0.23303,0.19588,0.16512,0.14502,0.26563,,,0.007,,0.28,-4.38,,,,,,,,74.0,,,,,,,,0.0,0.0,0.005,0.0,,,,,,100.0,100.0,,,100.0,,,,35.98,0.78,1.0,28.0,1.5,0.89,1,1,1,-,0,0,0,0.5086,0.6791,0.8801,0.3715,0.1705,0.201,1,1,1,,0.15,,,,,,,0.273,0,0,0.0,0,0,2020-12-10,1999-01-01,1999-01-01,1999-01-01,1999-01-01,1999-01-01,0.28,0,0,0.0,0,0,2021-03-04,1999-01-01,1999-01-01,1999-01-01,1999-01-01,1999-01-01,20000,30000,40000,-11.49,-51.95,21.62,0,0,0,0,0,0.037,0,0,100.0,100,100,0.03177,0,0,100.0,100,100,0,0,0,100.0,100,100,0,0,0,100.0,100,100,0,0,0,100.0,100,100,2020-12-09,1999-01-01,1999-01-01,1999-01-01,1999-01-01,1999-01-01,1999-01-01,1999-01-01,1999-01-01,1999-01-01,1999-01-01,1999-01-01,1999-01-01,1999-01-01,1999-01-01,1999-01-01,1999-01-01,1999-01-01,1999-01-01,1999-01-01,1999-01-01,1999-01-01,1999-01-01,1999-01-01,0,1,0,0,0,1,0,0,0,0,0,0,0,0,0,0,0,0,0,0,0,0,0,0,0,0,0,0,0,0,0,0,0,0,0,0,0,0,0,0,0,0,0,0,0,0,0,0,0,1,40000.0,,,,p2p,p2n,n2n,n2n,n2p,Life.Empty,Life.Empty,Life.Empty,Life.BearStart,Life.Bull,,
2021-03-15,MMIS,0.25,0.25,0.25,0.25,0.25,5000,0.0,0,0.26204,0.23238,0.02966,0.03286,-0.0032,,,0.23434,0.198,0.1668,0.14606,0.26251,,,-0.023,,,-3.24,,,,,,,,67.0,,,,,,,,-0.0,-0.03,0.00286,-0.00214,1.33333,57.14286,,,,0.0,66.66667,0.0,,66.66667,88.88889,,,35.98,0.69,1.0,25.0,1.68,1.0,0,0,0,-,1,1,0,0.5194,0.6754,0.8828,0.3634,0.156,0.2074,1,1,1,,0.15,,,,,,,0.273,0,0,0.0,0,0,2020-12-10,1999-01-01,1999-01-01,1999-01-01,1999-01-01,1999-01-01,0.28,0,0,0.0,0,0,2021-03-04,1999-01-01,1999-01-01,1999-01-01,1999-01-01,1999-01-01,30000,40000,5000,-51.95,21.62,-16.67,0,0,1,0,0,0.037,0,0,100.0,100,100,0.03177,0,0,100.0,100,100,0,0,0,100.0,100,100,0,0,0,0.0,100,100,0,0,0,100.0,100,100,2020-12-09,1999-01-01,1999-01-01,1999-01-01,1999-01-01,1999-01-01,1999-01-01,1999-01-01,1999-01-01,1999-01-01,1999-01-01,1999-01-01,1999-01-01,1999-01-01,1999-01-01,2021-03-15,1999-01-01,1999-01-01,1999-01-01,1999-01-01,1999-01-01,1999-01-01,1999-01-01,1999-01-01,0,1,0,0,0,1,0,0,0,0,0,0,0,0,1,0,0,0,0,0,0,0,0,0,0,0,0,0,0,0,0,0,0,0,0,0,0,0,0,0,0,1,1,1,0,0,0,0,0,1,,,,,p2p,p2n,n2n,n2n,n2p,Life.Empty,Life.Empty,Life.Empty,Life.BearStart,Life.Bull,,
2021-03-18,MMIS,0.245,0.25,0.235,0.25,0.25,30000,0.0,0,0.26019,0.23368,0.02651,0.03159,-0.00508,,,0.23554,0.20004,0.16845,0.1471,0.25931,,,-0.023,,,-2.05,,,,,,,,64.0,,,,,,,,0.0,0.0,0.00143,-0.00214,0.66667,40.0,,,,33.33333,44.44444,,,44.44444,70.37037,,,35.98,0.69,1.0,25.0,1.68,1.0,0,0,0,-,1,1,0,0.5294,0.6709,0.8844,0.355,0.1415,0.2135,1,1,0,,,0.15,,,,,,0.273,0,0,0.0,0,0,2020-12-10,1999-01-01,1999-01-01,1999-01-01,1999-01-01,1999-01-01,0.28,0,0,0.0,0,0,2021-03-04,1999-01-01,1999-01-01,1999-01-01,1999-01-01,1999-01-01,40000,5000,30000,21.62,-16.67,0.0,0,0,1,0,0,0.037,0,0,100.0,100,100,0.03177,0,0,100.0,100,100,0,0,0,100.0,100,100,0,0,0,0.0,100,100,0,0,0,100.0,100,100,2020-12-09,1999-01-01,1999-01-01,1999-01-01,1999-01-01,1999-01-01,1999-01-01,1999-01-01,1999-01-01,1999-01-01,1999-01-01,1999-01-01,1999-01-01,1999-01-01,1999-01-01,2021-03-15,1999-01-01,1999-01-01,1999-01-01,1999-01-01,1999-01-01,1999-01-01,1999-01-01,1999-01-01,0,1,0,0,0,1,0,0,0,0,0,0,0,0,1,0,0,0,0,0,0,0,0,0,0,0,0,0,0,0,0,0,0,0,0,0,0,0,0,0,0,1,1,1,0,0,0,0,0,1,,,,,p2p,p2n,n2n,n2n,n2p,Life.Empty,Life.Empty,Life.BearStart,Life.Bull,Life.BullRetrace,,
2021-04-07,MMIS,0.25,0.25,0.25,0.25,0.25,5000,0.0,0,0.25862,0.23489,0.02373,0.03002,-0.00629,,,0.23665,0.202,0.17006,0.14812,0.25646,,,-0.023,,,-0.96,,,,,,,,50.0,,,,,,,,0.0,0.0,0.00071,-0.00214,0.33333,25.0,,,,33.33333,22.22222,,,22.22222,44.44444,22.222,,35.98,0.69,1.0,25.0,1.68,1.0,0,0,0,-,1,1,0,0.5388,0.6659,0.8853,0.3465,0.1271,0.2194,1,1,0,,,0.15,,,,,,0.273,0,0,0.0,0,0,2020-12-10,1999-01-01,1999-01-01,1999-01-01,1999-01-01,1999-01-01,0.28,0,0,0.0,0,0,2021-03-04,1999-01-01,1999-01-01,1999-01-01,1999-01-01,1999-01-01,5000,30000,5000,-16.67,0.0,-46.67,0,0,1,0,0,0.037,0,0,100.0,100,100,0.03177,0,0,100.0,100,100,0,0,0,22.222,100,100,0,0,0,0.0,100,100,0,0,0,100.0,100,100,2020-12-09,1999-01-01,1999-01-01,1999-01-01,1999-01-01,1999-01-01,1999-01-01,1999-01-01,1999-01-01,2021-04-07,1999-01-01,1999-01-01,1999-01-01,1999-01-01,1999-01-01,2021-03-15,1999-01-01,1999-01-01,1999-01-01,1999-01-01,1999-01-01,1999-01-01,1999-01-01,1999-01-01,0,1,0,0,0,1,0,0,0,0,1,0,0,0,1,0,0,0,0,0,0,0,0,0,0,0,0,0,0,1,0,0,0,0,0,0,0,0,0,0,0,1,1,1,0,0,0,0,0,1,,,,,p2p,p2n,n2n,n2n,n2p,Life.Empty,Life.Empty,Life.BearStart,Life.Bull,Life.BullRetrace,,
2021-04-15,MMIS,0.23,0.25,0.22,0.25,0.25,11000,0.0,0,0.25729,0.23601,0.02128,0.02827,-0.00699,,,0.23768,0.20388,0.17165,0.14913,0.25443,,,-0.023,,,-0.17,,,,,,,,44.0,,,,,,,,0.0,0.0,0.00071,-0.00214,0.33333,25.0,,,,50.0,38.88889,,,38.88889,35.18519,,,35.98,0.69,1.0,25.0,1.68,1.0,0,0,0,-,1,1,0,0.5475,0.6603,0.8855,0.338,0.1128,0.2252,1,1,0,,,0.15,,,,,,0.273,0,0,0.0,0,0,2020-12-10,1999-01-01,1999-01-01,1999-01-01,1999-01-01,1999-01-01,0.28,0,0,0.0,0,0,2021-03-04,1999-01-01,1999-01-01,1999-01-01,1999-01-01,1999-01-01,30000,5000,11000,0.0,-46.67,15.0,0,0,1,0,0,0.037,0,0,100.0,100,100,0.03177,0,0,100.0,100,100,0,0,0,22.222,100,100,0,0,0,0.0,100,100,0,0,0,100.0,100,100,2020-12-09,1999-01-01,1999-01-01,1999-01-01,1999-01-01,1999-01-01,1999-01-01,1999-01-01,1999-01-01,2021-04-07,1999-01-01,1999-01-01,1999-01-01,1999-01-01,1999-01-01,2021-03-15,1999-01-01,1999-01-01,1999-01-01,1999-01-01,1999-01-01,1999-01-01,1999-01-01,1999-01-01,0,1,0,0,0,1,0,0,0,0,1,0,0,0,1,0,0,0,0,0,0,0,0,0,0,0,0,0,0,1,0,0,0,0,0,0,0,0,0,0,0,1,1,1,0,0,0,0,0,1,11000.0,,,,p2n,n2n,n2n,n2p,n2p,Life.Empty,Life.Empty,Life.BearStart,Life.Bull,Life.BullRetrace,,
2021-05-04,MMIS,0.245,0.25,0.245,0.25,0.25,5000,0.0,0,0.25617,0.23705,0.01913,0.02644,-0.00732,,,0.23863,0.20569,0.1732,0.15014,0.25363,,,-0.023,,,0.15,,,,,,,,31.0,,,,,,,,0.0,0.0,0.00071,-0.00214,0.33333,25.0,,,,50.0,44.44444,,,61.11111,40.74074,,,35.98,0.69,1.0,25.0,1.68,1.0,0,0,0,-,1,1,0,0.5555,0.6543,0.8849,0.3294,0.0988,0.2306,0,1,0,,,,0.15,,,,,0.273,0,0,0.0,0,0,2020-12-10,1999-01-01,1999-01-01,1999-01-01,1999-01-01,1999-01-01,0.28,0,0,0.0,0,0,2021-03-04,1999-01-01,1999-01-01,1999-01-01,1999-01-01,1999-01-01,5000,11000,5000,-46.67,15.0,-54.35,0,0,1,0,0,0.037,0,0,100.0,100,100,0.03177,0,0,100.0,100,100,0,0,0,22.222,100,100,0,0,0,0.0,100,100,0,0,0,100.0,100,100,2020-12-09,1999-01-01,1999-01-01,1999-01-01,1999-01-01,1999-01-01,1999-01-01,1999-01-01,1999-01-01,2021-04-07,1999-01-01,1999-01-01,1999-01-01,1999-01-01,1999-01-01,2021-03-15,1999-01-01,1999-01-01,1999-01-01,1999-01-01,1999-01-01,1999-01-01,1999-01-01,1999-01-01,0,1,0,0,0,1,0,0,0,0,1,0,0,0,1,0,0,0,0,0,0,0,0,0,0,0,0,0,0,1,0,0,0,0,0,0,0,0,0,0,0,1,1,1,0,0,0,0,0,1,,,5000.0,,n2n,n2n,n2p,n2p,p2n,Life.Empty,Life.BearStart,Life.Bull,Life.BullRetrace,Life.BullEnd,,
2021-06-16,MMIS,0.245,0.25,0.2,0.25,0.25,55000,0.0,0,0.25522,0.23801,0.01722,0.0246,-0.00738,,,0.2395,0.20743,0.17472,0.15113,0.25427,0.254,,-0.023,,,,,,,,,,,,,,,,,,,0.0,0.0,0.00071,-0.00214,0.33333,25.0,,,,62.5,54.16667,,,83.33333,61.11111,,,35.98,0.69,1.0,25.0,1.68,1.0,0,0,0,-,1,1,0,0.563,0.6478,0.8837,0.3207,0.0848,0.2359,0,1,0,,,,0.15,,,,,0.273,0,0,0.254,0,0,2020-12-10,1999-01-01,1999-01-01,2021-06-16,1999-01-01,1999-01-01,0.28,0,0,0.0,0,0,2021-03-04,1999-01-01,1999-01-01,1999-01-01,1999-01-01,1999-01-01,11000,5000,55000,15.0,-54.35,238.08,0,0,1,0,0,0.037,0,0,100.0,100,100,0.03177,0,0,100.0,100,100,0,0,0,22.222,100,100,0,0,0,0.0,100,100,0,0,0,100.0,100,100,2020-12-09,1999-01-01,1999-01-01,1999-01-01,1999-01-01,1999-01-01,1999-01-01,1999-01-01,1999-01-01,2021-04-07,1999-01-01,1999-01-01,1999-01-01,1999-01-01,1999-01-01,2021-03-15,1999-01-01,1999-01-01,1999-01-01,1999-01-01,1999-01-01,1999-01-01,1999-01-01,1999-01-01,0,1,0,0,0,1,0,0,0,0,1,0,0,0,1,0,0,0,0,0,0,0,0,0,0,0,0,0,0,1,0,0,0,0,0,0,0,0,0,0,0,1,1,1,0,0,0,0,0,1,55000.0,,,,n2n,n2p,n2p,p2n,n2p,Life.Empty,Life.BearStart,Life.Bull,Life.BullRetrace,Life.BullEnd,,
2021-06-18,MMIS,0.245,0.25,0.2,0.25,0.25,56000,0.0,0,0.25442,0.23889,0.01552,0.02278,-0.00726,,,0.24031,0.2091,0.17621,0.15211,0.25643,,,-0.004,,,,,,,,,,,,,,,,,,,0.0,0.0,0.00071,-0.00214,0.33333,25.0,,,,62.5,58.33333,,,100.0,81.48148,,,35.98,0.69,1.0,25.0,1.68,1.0,0,0,0,-,1,1,0,0.5699,0.641,0.882,0.3121,0.0711,0.241,0,1,0,,,,0.15,,,,,0.273,0,0,0.254,0,0,2020-12-10,1999-01-01,1999-01-01,2021-06-16,1999-01-01,1999-01-01,0.28,0,0,0.0,0,0,2021-03-04,1999-01-01,1999-01-01,1999-01-01,1999-01-01,1999-01-01,5000,55000,56000,-54.35,238.08,63.38,0,0,1,0,0,0.037,0,0,100.0,100,100,0.03177,0,0,100.0,100,100,0,0,0,22.222,100,100,0,0,0,0.0,100,100,0,0,0,100.0,100,100,2020-12-09,1999-01-01,1999-01-01,1999-01-01,1999-01-01,1999-01-01,1999-01-01,1999-01-01,1999-01-01,2021-04-07,1999-01-01,1999-01-01,1999-01-01,1999-01-01,1999-01-01,2021-03-15,1999-01-01,1999-01-01,1999-01-01,1999-01-01,1999-01-01,1999-01-01,1999-01-01,1999-01-01,0,1,0,0,0,1,0,0,0,0,1,0,0,0,1,0,0,0,0,0,0,0,0,0,0,0,0,0,0,1,0,0,0,0,0,0,0,0,0,0,0,1,1,1,0,0,0,0,0,1,,,,,n2n,n2p,n2p,p2n,n2p,Life.Empty,Life.BearStart,Life.Bull,Life.BullRetrace,Life.BullEnd,,
2021-07-19,MMIS,0.25,0.25,0.25,0.25,0.25,2000,0.0,0,0.25374,0.23972,0.01402,0.02103,-0.00701,,,0.24106,0.2107,0.17767,0.15309,0.26004,,,-0.004,0.25,,,,,,,,,,,,,,,,,,0.0,0.0,0.00071,-0.00214,0.33333,25.0,25.0,,,62.5,62.5,,,100.0,94.44444,,,35.98,0.69,1.0,25.0,1.68,1.0,0,0,0,-,1,1,0,0.5761,0.6339,0.8797,0.3036,0.0578,0.2458,0,1,0,,,,0.15,,,,,0.273,0,0,0.254,0,0,2020-12-10,1999-01-01,1999-01-01,2021-06-16,1999-01-01,1999-01-01,0.28,0,0,0.25,0,0,2021-03-04,1999-01-01,1999-01-01,2021-07-19,1999-01-01,1999-01-01,55000,56000,2000,238.08,63.38,-2.59,0,0,1,0,0,0.037,0,0,100.0,100,100,0.03177,0,0,100.0,100,100,0,0,0,22.222,100,100,0,0,0,0.0,100,100,0,0,0,25.0,100,100,2020-12-09,1999-01-01,1999-01-01,1999-01-01,1999-01-01,1999-01-01,1999-01-01,1999-01-01,1999-01-01,2021-04-07,1999-01-01,1999-01-01,1999-01-01,1999-01-01,1999-01-01,2021-03-15,1999-01-01,1999-01-01,1999-01-01,1999-01-01,1999-01-01,2021-07-19,1999-01-01,1999-01-01,0,1,0,1,0,1,0,0,0,0,1,0,0,0,1,0,0,0,1,0,0,0,0,0,0,0,0,0,0,1,0,0,0,0,0,0,0,0,0,0,0,1,1,1,0,0,0,1,0,1,,,2000.0,,n2p,n2p,p2n,n2p,p2n,Life.Empty,Life.BearStart,Life.Bull,Life.BullRetrace,Life.BullEnd,,
2021-07-23,MMIS,0.255,0.255,0.255,0.255,0.255,2000,0.0,0,0.25393,0.24085,0.01308,0.01944,-0.00636,,,0.24213,0.21244,0.1792,0.1541,0.26483,,,0.001,,,,,,,,,,,,,,,,,,,0.005,0.0,0.00107,-0.00214,0.5,33.33333,,,8.33333,68.75,64.58333,,,100.0,100.0,,,35.98,0.71,1.0,25.5,1.65,0.98,0,0,0,-,0,0,0,0.5834,0.6293,0.8803,0.2969,0.0459,0.251,0,1,0,,,,0.15,,,,,0.273,0,0,0.254,0,0,2020-12-10,1999-01-01,1999-01-01,2021-06-16,1999-01-01,1999-01-01,0.28,0,0,0.25,0,0,2021-03-04,1999-01-01,1999-01-01,2021-07-19,1999-01-01,1999-01-01,56000,2000,2000,63.38,-2.59,-46.9,0,0,1,0,0,0.037,0,0,100.0,100,100,0.03177,0,0,100.0,100,100,0,0,0,22.222,100,100,0,0,0,0.0,100,100,0,0,0,25.0,100,100,2020-12-09,1999-01-01,1999-01-01,1999-01-01,1999-01-01,1999-01-01,1999-01-01,1999-01-01,1999-01-01,2021-04-07,1999-01-01,1999-01-01,1999-01-01,1999-01-01,1999-01-01,2021-03-15,1999-01-01,1999-01-01,1999-01-01,1999-01-01,1999-01-01,2021-07-19,1999-01-01,1999-01-01,0,1,0,1,0,1,0,0,0,0,1,0,0,0,1,0,0,0,1,0,0,0,0,0,0,0,0,0,0,1,0,0,0,0,0,0,0,0,0,0,0,1,1,1,0,0,0,1,0,1,,,,2000.0,n2p,p2n,n2p,p2n,n2n,Life.Empty,Life.BearStart,Life.Bull,Life.BullRetrace,Life.BullEnd,,
2021-07-26,MMIS,0.26,0.27,0.26,0.27,0.27,5000,0.0,0,0.25641,0.24301,0.0134,0.01823,-0.00484,0.013,,0.24427,0.2147,0.181,0.15526,0.2705,,,0.016,,,,,,,,,,,,,,,,,,,0.015,0.0,0.00214,-0.00214,1.0,50.0,,,25.0,87.5,72.91667,,,100.0,100.0,,,35.98,0.75,1.0,27.0,1.56,0.93,0,0,0,-,0,0,0,0.5944,0.6327,0.8901,0.2957,0.0383,0.2574,1,1,1,,0.15,,,,,,,0.273,0,0,0.254,0,0,2020-12-10,1999-01-01,1999-01-01,2021-06-16,1999-01-01,1999-01-01,0.28,0,0,0.25,0,0,2021-03-04,1999-01-01,1999-01-01,2021-07-19,1999-01-01,1999-01-01,2000,2000,5000,-2.59,-46.9,-85.0,1,0,0,0,0,0.037,0,0,0.013,100,100,0.03177,0,0,0.01823,100,100,0,0,0,22.222,100,100,0,0,0,0.0,100,100,0,0,0,25.0,100,100,2020-12-09,1999-01-01,1999-01-01,2021-07-26,1999-01-01,1999-01-01,1999-01-01,1999-01-01,1999-01-01,2021-04-07,1999-01-01,1999-01-01,1999-01-01,1999-01-01,1999-01-01,2021-03-15,1999-01-01,1999-01-01,1999-01-01,1999-01-01,1999-01-01,2021-07-19,1999-01-01,1999-01-01,0,1,0,1,0,1,1,0,0,0,1,0,0,0,1,0,0,0,1,0,0,0,0,0,0,0,0,0,0,1,0,0,0,0,0,0,0,0,0,0,0,1,1,1,0,0,0,1,0,1,,,,,n2p,p2n,n2p,p2n,n2n,Life.BearStart,Life.Bull,Life.BullRetrace,Life.BullEnd,Life.Bull,,
2021-08-19,MMIS,0.27,0.28,0.27,0.28,0.28,10000,0.0,0,0.26004,0.24575,0.01429,0.01744,-0.00316,,,0.24702,0.21726,0.18296,0.1565,0.27677,,,0.026,,,,,,,,,,,,,,,,,,,0.01,0.0,0.00214,-0.00214,1.0,50.0,,,25.0,100.0,85.41667,,,100.0,100.0,,,35.98,0.78,1.0,28.0,1.5,0.89,1,1,1,-,0,0,0,0.6076,0.6406,0.9052,0.2976,0.033,0.2646,1,1,1,,0.15,,,,,,,0.273,0,0,0.254,0,0,2020-12-10,1999-01-01,1999-01-01,2021-06-16,1999-01-01,1999-01-01,0.28,0,0,0.25,0,0,2021-03-04,1999-01-01,1999-01-01,2021-07-19,1999-01-01,1999-01-01,2000,5000,10000,-46.9,-85.0,88.88,1,0,0,0,0,0.037,0,0,0.013,100,100,0.03177,0,0,0.01823,100,100,0,0,0,22.222,100,100,0,0,0,0.0,100,100,0,0,0,25.0,100,100,2020-12-09,1999-01-01,1999-01-01,2021-07-26,1999-01-01,1999-01-01,1999-01-01,1999-01-01,1999-01-01,2021-04-07,1999-01-01,1999-01-01,1999-01-01,1999-01-01,1999-01-01,2021-03-15,1999-01-01,1999-01-01,1999-01-01,1999-01-01,1999-01-01,2021-07-19,1999-01-01,1999-01-01,0,1,0,1,0,1,1,0,0,0,1,0,0,0,1,0,0,0,1,0,0,0,0,0,0,0,0,0,0,1,0,0,0,0,0,0,0,0,0,0,0,1,1,1,0,0,0,1,0,1,10000.0,,,,p2n,n2p,p2n,n2n,n2p,Life.BearStart,Life.Bull,Life.BullRetrace,Life.BullEnd,Life.Bull,,
