Date,smooth_close,smooth_troughs,smooth_peaks,close_troughs,close_peaks,ma25,ma50,ma100,ma200,macd_short,macd_long,MACD,MACD_signal,macd_distance,macd_troughs,macd_peaks,PnL1,PnL2,PnL3,PnL4,PnL5,PnL6,PnL7,PnL8,PnL1_days,PnL2_days,PnL3_days,PnL4_days,PnL5_days,PnL6_days,PnL7_days,PnL8_days,rsi_up_chg,rsi_down_chg,rsi_up_chg_avg,rsi_down_chg_avg,rsi_rs,RSI,rsi_troughs,rsi_peaks,rsi_distance,fastK,fastD,fast_troughs,fast_peaks,slowK,slowD,slow_troughs,slow_peaks,dist_no25,dist_no200,dist_all4,all_no25,no200_no25,all_no200,all4_up,no25_up,no200_up,bull_start,bull,bull_retrace,bull_end,bear_start,bear,bear_recovery,bear_end,smooth_p1,smooth_p2,smooth_p3,smooth_t1,smooth_t2,smooth_t3,smooth_p1_date,smooth_p2_date,smooth_p3_date,smooth_t1_date,smooth_t2_date,smooth_t3_date,close_p1,close_p2,close_p3,close_t1,close_t2,close_t3,close_p1_date,close_p2_date,close_p3_date,close_t1_date,close_t2_date,close_t3_date,v3,v2,v1,v3p,v2p,v1p,macd_p1,macd_p2,macd_p3,macd_t1,macd_t2,macd_t3,macd_p1_signal,macd_p2_signal,macd_p3_signal,macd_t1_signal,macd_t2_signal,macd_t3_signal,slow_p1,slow_p2,slow_p3,slow_t1,slow_t2,slow_t3,fast_p1,fast_p2,fast_p3,fast_t1,fast_t2,fast_t3,rsi_p1,rsi_p2,rsi_p3,rsi_t1,rsi_t2,rsi_t3,macd_p1_date,macd_p2_date,macd_p3_date,macd_t1_date,macd_t2_date,macd_t3_date,slow_p1_date,slow_p2_date,slow_p3_date,slow_t1_date,slow_t2_date,slow_t3_date,fast_p1_date,fast_p2_date,fast_p3_date,fast_t1_date,fast_t2_date,fast_t3_date,rsi_p1_date,rsi_p2_date,rsi_p3_date,rsi_t1_date,rsi_t2_date,rsi_t3_date,mincp,maxcp,minct,maxct,minmp,maxmp,minmt,maxmt,minsp,maxsp,minst,maxst,minfp,maxfp,minft,maxft,minrp,maxrp,minrt,maxrt,mp_positives,mt_positives,vol_n2p,vol_p2p,vol_p2n,vol_n2n,vol_hist5,vol_hist4,vol_hist3,vol_hist2,vol_hist1,life5,life4,life3,life2,life1,buy_call,sell_call
2018-10-04,0.20446,,,,,0.1976,0.1976,0.1976,0.1976,0.1976,0.1976,0.0,0.0,0.0,,,,,,,,,,,,,,,,,,,,,,,,,,,,,,,,,,,,-0.0,-0.0,-0.0,0.0,0.0,0.0,0,0,0,,,,,0.15,,,,0.0,0,0,0,0,0,1999-01-01,1999-01-01,1999-01-01,1999-01-01,1999-01-01,1999-01-01,0.0,0.0,0.0,0.0,0.0,0.0,1999-01-01,1999-01-01,1999-01-01,1999-01-01,1999-01-01,1999-01-01,0,0,830700,0.0,0.0,83070000.0,0.0,0.0,0.0,100.0,100.0,100,0.0,0.0,0.0,100.0,100.0,100,0.0,0.0,0.0,100.0,100.0,100.0,0.0,0.0,0.0,100.0,100.0,100.0,0.0,0.0,0.0,100.0,100.0,100.0,1999-01-01,1999-01-01,1999-01-01,1999-01-01,1999-01-01,1999-01-01,1999-01-01,1999-01-01,1999-01-01,1999-01-01,1999-01-01,1999-01-01,1999-01-01,1999-01-01,1999-01-01,1999-01-01,1999-01-01,1999-01-01,1999-01-01,1999-01-01,1999-01-01,1999-01-01,1999-01-01,1999-01-01,0,0,0,0,0,0,0,0,0,0,0,0,0,0,0,0,0,0,0,0,0,1,,,,,,,,,,Life.Empty,Life.Empty,Life.Empty,Life.Empty,Life.BearStart,,
2018-10-15,0.2183,,,,0.224,0.19963,0.19864,0.19812,0.19786,0.20166,0.19956,0.00211,0.00042,0.00168,,,,,,,,,,,,,,,,,,,0.0264,0.0,,,,,,,,,,,,,,,,0.0078,0.0151,0.0177,0.0099,0.0073,0.0026,1,1,1,,0.15,,,,,,,0.0,0,0,0,0,0,1999-01-01,1999-01-01,1999-01-01,1999-01-01,1999-01-01,1999-01-01,0.224,0.0,0.0,0.0,0.0,0.0,2018-10-15,1999-01-01,1999-01-01,1999-01-01,1999-01-01,1999-01-01,0,830700,5000,0.0,83070000.0,0.6,0.0,0.0,0.0,100.0,100.0,100,0.0,0.0,0.0,100.0,100.0,100,0.0,0.0,0.0,100.0,100.0,100.0,0.0,0.0,0.0,100.0,100.0,100.0,0.0,0.0,0.0,100.0,100.0,100.0,1999-01-01,1999-01-01,1999-01-01,1999-01-01,1999-01-01,1999-01-01,1999-01-01,1999-01-01,1999-01-01,1999-01-01,1999-01-01,1999-01-01,1999-01-01,1999-01-01,1999-01-01,1999-01-01,1999-01-01,1999-01-01,1999-01-01,1999-01-01,1999-01-01,1999-01-01,1999-01-01,1999-01-01,0,1,0,0,0,0,0,0,0,0,0,0,0,0,0,0,0,0,0,0,0,1,,,,,,,,,,Life.Empty,Life.Empty,Life.Empty,Life.BearStart,Life.Bull,,
2018-10-22,0.23256,,,0.211,,0.20049,0.19911,0.19837,0.19799,0.20307,0.20039,0.00268,0.00087,0.00181,,,,,,,,,,,,,,,,,,,-0.0,-0.0132,,,,,,,,,,,,,,,,0.0112,0.0212,0.025,0.0138,0.01,0.0038,1,1,1,,0.15,,,,,,,0.0,0,0,0,0,0,1999-01-01,1999-01-01,1999-01-01,1999-01-01,1999-01-01,1999-01-01,0.224,0.0,0.0,0.211,0.0,0.0,2018-10-15,1999-01-01,1999-01-01,2018-10-22,1999-01-01,1999-01-01,830700,5000,5000,83070000.0,0.6,0.6,0.0,0.0,0.0,100.0,100.0,100,0.0,0.0,0.0,100.0,100.0,100,0.0,0.0,0.0,100.0,100.0,100.0,0.0,0.0,0.0,100.0,100.0,100.0,0.0,0.0,0.0,100.0,100.0,100.0,1999-01-01,1999-01-01,1999-01-01,1999-01-01,1999-01-01,1999-01-01,1999-01-01,1999-01-01,1999-01-01,1999-01-01,1999-01-01,1999-01-01,1999-01-01,1999-01-01,1999-01-01,1999-01-01,1999-01-01,1999-01-01,1999-01-01,1999-01-01,1999-01-01,1999-01-01,1999-01-01,1999-01-01,0,1,0,1,0,0,0,0,0,0,0,0,0,0,0,0,0,0,0,0,0,1,,,,,,,,,,Life.Empty,Life.Empty,Life.Empty,Life.BearStart,Life.Bull,,
2018-12-28,0.24751,,,,,0.2034,0.20065,0.19916,0.19839,0.20849,0.2032,0.00529,0.00176,0.00353,,,,,,,,,,,,,,,,,,,0.0275,0.0,,,,,,,,,,,,,,,,0.0226,0.0424,0.0501,0.0275,0.0198,0.0077,1,1,1,,0.15,,,,,,,0.0,0,0,0,0,0,1999-01-01,1999-01-01,1999-01-01,1999-01-01,1999-01-01,1999-01-01,0.224,0.0,0.0,0.211,0.0,0.0,2018-10-15,1999-01-01,1999-01-01,2018-10-22,1999-01-01,1999-01-01,5000,5000,71000,0.6,0.6,-90.37,0.0,0.0,0.0,100.0,100.0,100,0.0,0.0,0.0,100.0,100.0,100,0.0,0.0,0.0,100.0,100.0,100.0,0.0,0.0,0.0,100.0,100.0,100.0,0.0,0.0,0.0,100.0,100.0,100.0,1999-01-01,1999-01-01,1999-01-01,1999-01-01,1999-01-01,1999-01-01,1999-01-01,1999-01-01,1999-01-01,1999-01-01,1999-01-01,1999-01-01,1999-01-01,1999-01-01,1999-01-01,1999-01-01,1999-01-01,1999-01-01,1999-01-01,1999-01-01,1999-01-01,1999-01-01,1999-01-01,1999-01-01,0,1,0,1,0,0,0,0,0,0,0,0,0,0,0,0,0,0,0,0,0,1,,,71000.0,,,,,,p2n,Life.Empty,Life.Empty,Life.Empty,Life.BearStart,Life.Bull,,
2019-02-27,0.26348,,,,,0.20891,0.20356,0.20067,0.19915,0.21872,0.20852,0.0102,0.00345,0.00676,,,,,,,,,,,,,,,,,,,0.0367,0.0,,,,,,,,,,,,,,,,0.0441,0.0824,0.0976,0.0535,0.0383,0.0152,1,1,1,,0.15,,,,,,,0.0,0,0,0,0,0,1999-01-01,1999-01-01,1999-01-01,1999-01-01,1999-01-01,1999-01-01,0.224,0.0,0.0,0.211,0.0,0.0,2018-10-15,1999-01-01,1999-01-01,2018-10-22,1999-01-01,1999-01-01,5000,71000,60000,0.6,-90.37,67.9,0.0,0.0,0.0,100.0,100.0,100,0.0,0.0,0.0,100.0,100.0,100,0.0,0.0,0.0,100.0,100.0,100.0,0.0,0.0,0.0,100.0,100.0,100.0,0.0,0.0,0.0,100.0,100.0,100.0,1999-01-01,1999-01-01,1999-01-01,1999-01-01,1999-01-01,1999-01-01,1999-01-01,1999-01-01,1999-01-01,1999-01-01,1999-01-01,1999-01-01,1999-01-01,1999-01-01,1999-01-01,1999-01-01,1999-01-01,1999-01-01,1999-01-01,1999-01-01,1999-01-01,1999-01-01,1999-01-01,1999-01-01,0,1,0,1,0,0,0,0,0,0,0,0,0,0,0,0,0,0,0,0,0,1,60000.0,,,,,,,p2n,n2p,Life.Empty,Life.Empty,Life.Empty,Life.BearStart,Life.Bull,,
2019-03-07,0.28101,,,,,0.21399,0.20637,0.20214,0.19991,0.22738,0.21344,0.01394,0.00554,0.00839,,,,,,,,,,,,,,,,,,,0.0,0.0,,,,,,,,,,,,,,,,0.0646,0.1185,0.1408,0.0762,0.0539,0.0223,1,1,1,,0.15,,,,,,,0.0,0,0,0,0,0,1999-01-01,1999-01-01,1999-01-01,1999-01-01,1999-01-01,1999-01-01,0.224,0.0,0.0,0.211,0.0,0.0,2018-10-15,1999-01-01,1999-01-01,2018-10-22,1999-01-01,1999-01-01,71000,60000,50000,-90.37,67.9,33.09,0.0,0.0,0.0,100.0,100.0,100,0.0,0.0,0.0,100.0,100.0,100,0.0,0.0,0.0,100.0,100.0,100.0,0.0,0.0,0.0,100.0,100.0,100.0,0.0,0.0,0.0,100.0,100.0,100.0,1999-01-01,1999-01-01,1999-01-01,1999-01-01,1999-01-01,1999-01-01,1999-01-01,1999-01-01,1999-01-01,1999-01-01,1999-01-01,1999-01-01,1999-01-01,1999-01-01,1999-01-01,1999-01-01,1999-01-01,1999-01-01,1999-01-01,1999-01-01,1999-01-01,1999-01-01,1999-01-01,1999-01-01,0,1,0,1,0,0,0,0,0,0,0,0,0,0,0,0,0,0,0,0,0,1,,,,,,,,p2n,n2p,Life.Empty,Life.Empty,Life.Empty,Life.BearStart,Life.Bull,,
2019-03-28,0.30057,,,,,0.22009,0.20978,0.20394,0.20084,0.23752,0.21936,0.01816,0.00807,0.0101,,,,,,,,,,,,,,,,,,,0.0183,0.0,,,,,,,,,,,,100.0,,,,0.0894,0.1615,0.1925,0.1031,0.0721,0.031,1,1,1,,0.15,,,,,,,0.0,0,0,0,0,0,1999-01-01,1999-01-01,1999-01-01,1999-01-01,1999-01-01,1999-01-01,0.224,0.0,0.0,0.211,0.0,0.0,2018-10-15,1999-01-01,1999-01-01,2018-10-22,1999-01-01,1999-01-01,60000,50000,20000,67.9,33.09,-28.18,0.0,0.0,0.0,100.0,100.0,100,0.0,0.0,0.0,100.0,100.0,100,0.0,0.0,0.0,100.0,100.0,100.0,0.0,0.0,0.0,100.0,100.0,100.0,0.0,0.0,0.0,100.0,100.0,100.0,1999-01-01,1999-01-01,1999-01-01,1999-01-01,1999-01-01,1999-01-01,1999-01-01,1999-01-01,1999-01-01,1999-01-01,1999-01-01,1999-01-01,1999-01-01,1999-01-01,1999-01-01,1999-01-01,1999-01-01,1999-01-01,1999-01-01,1999-01-01,1999-01-01,1999-01-01,1999-01-01,1999-01-01,0,1,0,1,0,0,0,0,0,0,0,0,0,0,0,0,0,0,0,0,0,1,,,20000.0,,,,p2n,n2p,p2n,Life.Empty,Life.Empty,Life.Empty,Life.BearStart,Life.Bull,,
2019-04-11,0.3227,,,,,0.22714,0.21377,0.20608,0.20194,0.24893,0.2262,0.02274,0.011,0.01173,,,,,,,,,,,,,,,,,,,0.0184,0.0,,,,,,,,,,,,100.0,,,,0.1183,0.2106,0.252,0.1337,0.0923,0.0414,1,1,1,,0.15,,,,,,,0.0,0,0,0,0,0,1999-01-01,1999-01-01,1999-01-01,1999-01-01,1999-01-01,1999-01-01,0.224,0.0,0.0,0.211,0.0,0.0,2018-10-15,1999-01-01,1999-01-01,2018-10-22,1999-01-01,1999-01-01,50000,20000,20000,33.09,-28.18,-30.77,0.0,0.0,0.0,100.0,100.0,100,0.0,0.0,0.0,100.0,100.0,100,0.0,0.0,0.0,100.0,100.0,100.0,0.0,0.0,0.0,100.0,100.0,100.0,0.0,0.0,0.0,100.0,100.0,100.0,1999-01-01,1999-01-01,1999-01-01,1999-01-01,1999-01-01,1999-01-01,1999-01-01,1999-01-01,1999-01-01,1999-01-01,1999-01-01,1999-01-01,1999-01-01,1999-01-01,1999-01-01,1999-01-01,1999-01-01,1999-01-01,1999-01-01,1999-01-01,1999-01-01,1999-01-01,1999-01-01,1999-01-01,0,1,0,1,0,0,0,0,0,0,0,0,0,0,0,0,0,0,0,0,0,1,,,,,,,p2n,n2p,p2n,Life.Empty,Life.Empty,Life.Empty,Life.BearStart,Life.Bull,,
2019-05-24,0.34754,,,,,0.23505,0.21833,0.20853,0.20322,0.2614,0.23389,0.02752,0.01431,0.01321,,,,,,,,,,,,,,,,,,,0.0183,0.0,,,,,,,,,,,,100.0,100.0,,,0.1511,0.2652,0.3183,0.1672,0.1141,0.0531,1,1,1,,0.15,,,,,,,0.0,0,0,0,0,0,1999-01-01,1999-01-01,1999-01-01,1999-01-01,1999-01-01,1999-01-01,0.224,0.0,0.0,0.211,0.0,0.0,2018-10-15,1999-01-01,1999-01-01,2018-10-22,1999-01-01,1999-01-01,20000,20000,20000,-28.18,-30.77,-33.33,0.0,0.0,0.0,100.0,100.0,100,0.0,0.0,0.0,100.0,100.0,100,0.0,0.0,0.0,100.0,100.0,100.0,0.0,0.0,0.0,100.0,100.0,100.0,0.0,0.0,0.0,100.0,100.0,100.0,1999-01-01,1999-01-01,1999-01-01,1999-01-01,1999-01-01,1999-01-01,1999-01-01,1999-01-01,1999-01-01,1999-01-01,1999-01-01,1999-01-01,1999-01-01,1999-01-01,1999-01-01,1999-01-01,1999-01-01,1999-01-01,1999-01-01,1999-01-01,1999-01-01,1999-01-01,1999-01-01,1999-01-01,0,1,0,1,0,0,0,0,0,0,0,0,0,0,0,0,0,0,0,0,0,1,,,,,,,p2n,n2p,p2n,Life.Empty,Life.Empty,Life.Empty,Life.BearStart,Life.Bull,,
2019-07-25,0.3747,,,,,0.24453,0.22382,0.2115,0.20476,0.27631,0.2431,0.03321,0.01809,0.01512,,,,,,,,,,,,,,,,,,,0.0283,0.0,,,,,,,,,,,,100.0,100.0,,,0.1906,0.3303,0.3977,0.2071,0.1397,0.0674,1,1,1,,0.15,,,,,,,0.0,0,0,0,0,0,1999-01-01,1999-01-01,1999-01-01,1999-01-01,1999-01-01,1999-01-01,0.224,0.0,0.0,0.211,0.0,0.0,2018-10-15,1999-01-01,1999-01-01,2018-10-22,1999-01-01,1999-01-01,20000,20000,21000,-30.77,-33.33,1.67,0.0,0.0,0.0,100.0,100.0,100,0.0,0.0,0.0,100.0,100.0,100,0.0,0.0,0.0,100.0,100.0,100.0,0.0,0.0,0.0,100.0,100.0,100.0,0.0,0.0,0.0,100.0,100.0,100.0,1999-01-01,1999-01-01,1999-01-01,1999-01-01,1999-01-01,1999-01-01,1999-01-01,1999-01-01,1999-01-01,1999-01-01,1999-01-01,1999-01-01,1999-01-01,1999-01-01,1999-01-01,1999-01-01,1999-01-01,1999-01-01,1999-01-01,1999-01-01,1999-01-01,1999-01-01,1999-01-01,1999-01-01,0,1,0,1,0,0,0,0,0,0,0,0,0,0,0,0,0,0,0,0,0,1,,,,,,,p2n,n2p,p2n,Life.Empty,Life.Empty,Life.Empty,Life.BearStart,Life.Bull,,
2019-07-26,0.40368,,,,,0.25473,0.22983,0.21478,0.20647,0.29182,0.25303,0.03879,0.02223,0.01656,,,,,,,,,,,,,,,,,,,0.0188,0.0,,,,,,,,,,,,100.0,100.0,,,0.2336,0.3995,0.4826,0.249,0.1659,0.0831,1,1,1,,0.15,,,,,,,0.0,0,0,0,0,0,1999-01-01,1999-01-01,1999-01-01,1999-01-01,1999-01-01,1999-01-01,0.224,0.0,0.0,0.211,0.0,0.0,2018-10-15,1999-01-01,1999-01-01,2018-10-22,1999-01-01,1999-01-01,20000,21000,80000,-33.33,1.67,98.36,0.0,0.0,0.0,100.0,100.0,100,0.0,0.0,0.0,100.0,100.0,100,0.0,0.0,0.0,100.0,100.0,100.0,0.0,0.0,0.0,100.0,100.0,100.0,0.0,0.0,0.0,100.0,100.0,100.0,1999-01-01,1999-01-01,1999-01-01,1999-01-01,1999-01-01,1999-01-01,1999-01-01,1999-01-01,1999-01-01,1999-01-01,1999-01-01,1999-01-01,1999-01-01,1999-01-01,1999-01-01,1999-01-01,1999-01-01,1999-01-01,1999-01-01,1999-01-01,1999-01-01,1999-01-01,1999-01-01,1999-01-01,0,1,0,1,0,0,0,0,0,0,0,0,0,0,0,0,0,0,0,0,0,1,,80000.0,,,,p2n,n2p,p2n,p2p,Life.Empty,Life.Empty,Life.Empty,Life.BearStart,Life.Bull,,
2019-08-27,0.43385,,,,,0.26704,0.23708,0.21874,0.20855,0.31074,0.26501,0.04573,0.02693,0.0188,,,,,,,,,,,,,,,,,,,0.0377,0.0,,,,,,,,,,,,100.0,100.0,,,0.2853,0.483,0.5849,0.2996,0.1977,0.1019,1,1,1,,0.15,,,,,,,0.0,0,0,0,0,0,1999-01-01,1999-01-01,1999-01-01,1999-01-01,1999-01-01,1999-01-01,0.224,0.0,0.0,0.211,0.0,0.0,2018-10-15,1999-01-01,1999-01-01,2018-10-22,1999-01-01,1999-01-01,21000,80000,2000,1.67,98.36,-14.88,0.0,0.0,0.0,100.0,100.0,100,0.0,0.0,0.0,100.0,100.0,100,0.0,0.0,0.0,100.0,100.0,100.0,0.0,0.0,0.0,100.0,100.0,100.0,0.0,0.0,0.0,100.0,100.0,100.0,1999-01-01,1999-01-01,1999-01-01,1999-01-01,1999-01-01,1999-01-01,1999-01-01,1999-01-01,1999-01-01,1999-01-01,1999-01-01,1999-01-01,1999-01-01,1999-01-01,1999-01-01,1999-01-01,1999-01-01,1999-01-01,1999-01-01,1999-01-01,1999-01-01,1999-01-01,1999-01-01,1999-01-01,0,1,0,1,0,0,0,0,0,0,0,0,0,0,0,0,0,0,0,0,0,1,,,2000.0,,p2n,n2p,p2n,p2p,p2n,Life.Empty,Life.Empty,Life.Empty,Life.BearStart,Life.Bull,,
2020-01-24,0.4644,,,,,0.28361,0.2467,0.22396,0.21127,0.33715,0.28111,0.05603,0.03275,0.02329,,,,,,,,,,,,,,,,,,,0.0676,0.0,,,,,,,,,,,,100.0,100.0,,,0.3543,0.5965,0.7234,0.3691,0.2422,0.1269,1,1,1,,0.15,,,,,,,0.0,0,0,0,0,0,1999-01-01,1999-01-01,1999-01-01,1999-01-01,1999-01-01,1999-01-01,0.224,0.0,0.0,0.211,0.0,0.0,2018-10-15,1999-01-01,1999-01-01,2018-10-22,1999-01-01,1999-01-01,80000,2000,10000,98.36,-14.88,-10.68,0.0,0.0,0.0,100.0,100.0,100,0.0,0.0,0.0,100.0,100.0,100,0.0,0.0,0.0,100.0,100.0,100.0,0.0,0.0,0.0,100.0,100.0,100.0,0.0,0.0,0.0,100.0,100.0,100.0,1999-01-01,1999-01-01,1999-01-01,1999-01-01,1999-01-01,1999-01-01,1999-01-01,1999-01-01,1999-01-01,1999-01-01,1999-01-01,1999-01-01,1999-01-01,1999-01-01,1999-01-01,1999-01-01,1999-01-01,1999-01-01,1999-01-01,1999-01-01,1999-01-01,1999-01-01,1999-01-01,1999-01-01,0,1,0,1,0,0,0,0,0,0,0,0,0,0,0,0,0,0,0,0,0,1,,,,,p2n,n2p,p2n,p2p,p2n,Life.Empty,Life.Empty,Life.Empty,Life.BearStart,Life.Bull,,
2020-02-21,0.49402,,,,,0.30187,0.25746,0.22984,0.21435,0.36543,0.29888,0.06655,0.03951,0.02704,,,,,,,,,,,,,,,,,,,0.0386,0.0,,,,,,,,100.0,,,,100.0,100.0,,,0.4311,0.7203,0.8752,0.4441,0.2892,0.1549,1,1,1,,0.15,,,,,,,0.0,0,0,0,0,0,1999-01-01,1999-01-01,1999-01-01,1999-01-01,1999-01-01,1999-01-01,0.224,0.0,0.0,0.211,0.0,0.0,2018-10-15,1999-01-01,1999-01-01,2018-10-22,1999-01-01,1999-01-01,2000,10000,10000,-14.88,-10.68,-76.09,0.0,0.0,0.0,100.0,100.0,100,0.0,0.0,0.0,100.0,100.0,100,0.0,0.0,0.0,100.0,100.0,100.0,0.0,0.0,0.0,100.0,100.0,100.0,0.0,0.0,0.0,100.0,100.0,100.0,1999-01-01,1999-01-01,1999-01-01,1999-01-01,1999-01-01,1999-01-01,1999-01-01,1999-01-01,1999-01-01,1999-01-01,1999-01-01,1999-01-01,1999-01-01,1999-01-01,1999-01-01,1999-01-01,1999-01-01,1999-01-01,1999-01-01,1999-01-01,1999-01-01,1999-01-01,1999-01-01,1999-01-01,0,1,0,1,0,0,0,0,0,0,0,0,0,0,0,0,0,0,0,0,0,1,,,,10000.0,n2p,p2n,p2p,p2n,n2n,Life.Empty,Life.Empty,Life.Empty,Life.BearStart,Life.Bull,,
2020-03-04,0.5212,,,,0.574,0.3228,0.26987,0.23665,0.21793,0.39752,0.31926,0.07826,0.04726,0.031,,,,,,,,,,,,,,,,,,,0.053,0.0,0.02783,-0.00094,29.51515,96.72294,,,,98.66884,,,,99.19062,99.73021,,,0.5194,0.8615,1.0487,0.5293,0.3421,0.1872,1,1,1,,0.15,,,,,,,0.0,0,0,0,0,0,1999-01-01,1999-01-01,1999-01-01,1999-01-01,1999-01-01,1999-01-01,0.574,0.224,0.0,0.211,0.0,0.0,2020-03-04,2018-10-15,1999-01-01,2018-10-22,1999-01-01,1999-01-01,10000,10000,18000,-10.68,-76.09,72.72,0.0,0.0,0.0,100.0,100.0,100,0.0,0.0,0.0,100.0,100.0,100,0.0,0.0,0.0,100.0,100.0,100.0,0.0,0.0,0.0,100.0,100.0,100.0,0.0,0.0,0.0,100.0,100.0,100.0,1999-01-01,1999-01-01,1999-01-01,1999-01-01,1999-01-01,1999-01-01,1999-01-01,1999-01-01,1999-01-01,1999-01-01,1999-01-01,1999-01-01,1999-01-01,1999-01-01,1999-01-01,1999-01-01,1999-01-01,1999-01-01,1999-01-01,1999-01-01,1999-01-01,1999-01-01,1999-01-01,1999-01-01,0,1,0,1,0,0,0,0,0,0,0,0,0,0,0,0,0,0,0,0,0,1,18000.0,,,,p2n,p2p,p2n,n2n,n2p,Life.Empty,Life.Empty,Life.Empty,Life.BearStart,Life.Bull,,
2020-03-09,0.54445,,,0.531,,0.33879,0.2801,0.24248,0.22104,0.41799,0.33492,0.08308,0.05442,0.02865,,,,,,,,,,,,,,,,,,,-0.0,-0.0434,0.02594,-0.00404,6.41696,86.51739,86.517,,,86.87857,95.18247,86.879,,89.37953,96.19005,,,0.5906,0.9631,1.1775,0.5869,0.3725,0.2144,1,1,1,,0.15,,,,,,,0.0,0,0,0,0,0,1999-01-01,1999-01-01,1999-01-01,1999-01-01,1999-01-01,1999-01-01,0.574,0.224,0.0,0.531,0.211,0.0,2020-03-04,2018-10-15,1999-01-01,2020-03-09,2018-10-22,1999-01-01,10000,18000,176000,-76.09,72.72,436.83,0.0,0.0,0.0,100.0,100.0,100,0.0,0.0,0.0,100.0,100.0,100,0.0,0.0,0.0,100.0,100.0,100.0,0.0,0.0,0.0,86.879,100.0,100.0,0.0,0.0,0.0,86.517,100.0,100.0,1999-01-01,1999-01-01,1999-01-01,1999-01-01,1999-01-01,1999-01-01,1999-01-01,1999-01-01,1999-01-01,1999-01-01,1999-01-01,1999-01-01,1999-01-01,1999-01-01,1999-01-01,2020-03-09,1999-01-01,1999-01-01,1999-01-01,1999-01-01,1999-01-01,2020-03-09,1999-01-01,1999-01-01,0,1,0,1,0,0,0,0,0,0,0,0,0,0,1,0,0,0,1,0,0,1,,-176000.0,,,p2p,p2n,n2n,n2p,p2p,Life.Empty,Life.Empty,Life.Empty,Life.BearStart,Life.Bull,,
2020-03-20,0.56287,,,,,0.35726,0.29182,0.24914,0.2246,0.44275,0.35299,0.08976,0.06149,0.02827,,,,,,,,,,,,,,,,,,,0.0483,0.0,0.02939,-0.0031,9.48157,90.45944,,,3.94244,100.0,95.18247,,,89.37953,92.64989,89.38,,0.6722,1.0812,1.3266,0.6544,0.409,0.2454,1,1,1,,0.15,,,,,,,0.0,0,0,0,0,0,1999-01-01,1999-01-01,1999-01-01,1999-01-01,1999-01-01,1999-01-01,0.574,0.224,0.0,0.531,0.211,0.0,2020-03-04,2018-10-15,1999-01-01,2020-03-09,2018-10-22,1999-01-01,18000,176000,10000,72.72,436.83,0.0,0.0,0.0,0.0,100.0,100.0,100,0.0,0.0,0.0,100.0,100.0,100,0.0,0.0,0.0,89.38,100.0,100.0,0.0,0.0,0.0,86.879,100.0,100.0,0.0,0.0,0.0,86.517,100.0,100.0,1999-01-01,1999-01-01,1999-01-01,1999-01-01,1999-01-01,1999-01-01,1999-01-01,1999-01-01,1999-01-01,2020-03-20,1999-01-01,1999-01-01,1999-01-01,1999-01-01,1999-01-01,2020-03-09,1999-01-01,1999-01-01,1999-01-01,1999-01-01,1999-01-01,2020-03-09,1999-01-01,1999-01-01,0,1,0,1,0,0,0,0,0,0,1,0,0,0,1,0,0,0,1,0,0,1,,,,,p2p,p2n,n2n,n2p,p2p,Life.Empty,Life.Empty,Life.Empty,Life.BearStart,Life.Bull,,
2020-07-27,0.57648,,,,,0.37657,0.30423,0.25625,0.22842,0.46822,0.3719,0.09632,0.06846,0.02786,,,,,,,,,,,,,,,,,,,0.0294,0.0,0.02953,-0.0031,9.52535,90.49912,,90.499,3.98212,100.0,95.62619,,,90.18891,89.64932,,,0.7581,1.2032,1.4815,0.7234,0.4451,0.2783,1,1,1,,0.15,,,,,,,0.0,0,0,0,0,0,1999-01-01,1999-01-01,1999-01-01,1999-01-01,1999-01-01,1999-01-01,0.574,0.224,0.0,0.531,0.211,0.0,2020-03-04,2018-10-15,1999-01-01,2020-03-09,2018-10-22,1999-01-01,176000,10000,10000,436.83,0.0,-3.92,0.0,0.0,0.0,100.0,100.0,100,0.0,0.0,0.0,100.0,100.0,100,0.0,0.0,0.0,89.38,100.0,100.0,0.0,0.0,0.0,86.879,100.0,100.0,90.499,0.0,0.0,86.517,100.0,100.0,1999-01-01,1999-01-01,1999-01-01,1999-01-01,1999-01-01,1999-01-01,1999-01-01,1999-01-01,1999-01-01,2020-03-20,1999-01-01,1999-01-01,1999-01-01,1999-01-01,1999-01-01,2020-03-09,1999-01-01,1999-01-01,2020-07-27,1999-01-01,1999-01-01,2020-03-09,1999-01-01,1999-01-01,0,1,0,1,0,0,0,0,0,0,1,0,0,0,1,0,0,1,1,0,0,1,,,,,p2p,p2n,n2n,n2p,p2p,Life.Empty,Life.Empty,Life.Empty,Life.BearStart,Life.Bull,,
2020-08-06,0.58584,,,,,0.39515,0.31654,0.26342,0.2323,0.49128,0.39014,0.10114,0.07499,0.02615,,,,,,,,,,,,,,,,,,,0.0098,0.0,0.02761,-0.0031,8.90553,89.90463,89.905,,-0.59437,100.0,100.0,,,100.0,93.18948,,,0.8424,1.3173,1.6285,0.7861,0.4749,0.3112,1,1,1,,0.15,,,,,,,0.0,0,0,0,0,0,1999-01-01,1999-01-01,1999-01-01,1999-01-01,1999-01-01,1999-01-01,0.574,0.224,0.0,0.531,0.211,0.0,2020-03-04,2018-10-15,1999-01-01,2020-03-09,2018-10-22,1999-01-01,10000,10000,160000,0.0,-3.92,-8.16,0.0,0.0,0.0,100.0,100.0,100,0.0,0.0,0.0,100.0,100.0,100,0.0,0.0,0.0,89.38,100.0,100.0,0.0,0.0,0.0,86.879,100.0,100.0,90.499,0.0,0.0,89.905,86.517,100.0,1999-01-01,1999-01-01,1999-01-01,1999-01-01,1999-01-01,1999-01-01,1999-01-01,1999-01-01,1999-01-01,2020-03-20,1999-01-01,1999-01-01,1999-01-01,1999-01-01,1999-01-01,2020-03-09,1999-01-01,1999-01-01,2020-07-27,1999-01-01,1999-01-01,2020-08-06,2020-03-09,1999-01-01,0,1,0,1,0,0,0,0,0,0,1,0,0,0,1,0,0,1,0,0,0,1,,,,,p2p,p2n,n2n,n2p,p2p,Life.Empty,Life.Empty,Life.Empty,Life.BearStart,Life.Bull,,
2020-08-10,0.59189,,,,0.628,0.41305,0.32875,0.27063,0.23624,0.5123,0.40775,0.10455,0.0809,0.02364,,0.105,,,,,,,,,,,,,,,,,0.0098,0.0,0.02831,-0.0031,9.13134,90.12963,,90.13,0.22463,100.0,100.0,,100.0,100.0,96.72964,,100.0,0.9251,1.4242,1.7681,0.843,0.4991,0.3439,1,1,1,,0.15,,,,,,,0.0,0,0,0,0,0,1999-01-01,1999-01-01,1999-01-01,1999-01-01,1999-01-01,1999-01-01,0.628,0.574,0.224,0.531,0.211,0.0,2020-08-10,2020-03-04,2018-10-15,2020-03-09,2018-10-22,1999-01-01,10000,160000,10000,-3.92,-8.16,0.0,0.105,0.0,0.0,100.0,100.0,100,0.0809,0.0,0.0,100.0,100.0,100,100.0,0.0,0.0,89.38,100.0,100.0,100.0,0.0,0.0,86.879,100.0,100.0,90.13,90.499,0.0,89.905,86.517,100.0,2020-08-10,1999-01-01,1999-01-01,1999-01-01,1999-01-01,1999-01-01,2020-08-10,1999-01-01,1999-01-01,2020-03-20,1999-01-01,1999-01-01,2020-08-10,1999-01-01,1999-01-01,2020-03-09,1999-01-01,1999-01-01,2020-08-10,2020-07-27,1999-01-01,2020-08-06,2020-03-09,1999-01-01,0,1,0,1,0,1,0,0,0,1,1,0,0,1,1,0,0,0,0,0,0,1,,,,,p2p,p2n,n2n,n2p,p2p,Life.Empty,Life.Empty,Life.Empty,Life.BearStart,Life.Bull,,
2020-08-12,0.59599,,,,,0.42656,0.33894,0.27693,0.23974,0.52405,0.42115,0.1029,0.0853,0.01759,,,,,,,,,,,,,,,,,,,-0.0,-0.0392,0.027,-0.0059,4.57627,82.06687,,,-8.06313,87.60278,95.86759,,,73.33333,91.11111,,,0.992,1.4963,1.8682,0.8762,0.5043,0.3719,1,1,1,,0.15,,,,,,,0.0,0,0,0,0,0,1999-01-01,1999-01-01,1999-01-01,1999-01-01,1999-01-01,1999-01-01,0.628,0.574,0.224,0.531,0.211,0.0,2020-08-10,2020-03-04,2018-10-15,2020-03-09,2018-10-22,1999-01-01,160000,10000,50000,-8.16,0.0,22.22,0.105,0.0,0.0,100.0,100.0,100,0.0809,0.0,0.0,100.0,100.0,100,100.0,0.0,0.0,89.38,100.0,100.0,100.0,0.0,0.0,86.879,100.0,100.0,90.13,90.499,0.0,89.905,86.517,100.0,2020-08-10,1999-01-01,1999-01-01,1999-01-01,1999-01-01,1999-01-01,2020-08-10,1999-01-01,1999-01-01,2020-03-20,1999-01-01,1999-01-01,2020-08-10,1999-01-01,1999-01-01,2020-03-09,1999-01-01,1999-01-01,2020-08-10,2020-07-27,1999-01-01,2020-08-06,2020-03-09,1999-01-01,0,1,0,1,0,1,0,0,0,1,1,0,0,1,1,0,0,0,0,0,0,1,,,,,p2p,p2n,n2n,n2p,p2p,Life.Empty,Life.Empty,Life.Empty,Life.BearStart,Life.Bull,,
2020-10-06,0.60009,,,,,0.43903,0.34874,0.2831,0.24322,0.534,0.43356,0.10043,0.08833,0.0121,,,,,,,,,,,,,,,,,,,0.0,0.0,0.02569,-0.0059,4.35351,81.32067,,,-8.80933,86.84122,91.48133,,,40.0,71.11111,,,1.0552,1.5593,1.9581,0.9029,0.5041,0.3988,1,1,1,,0.15,,,,,,,0.0,0,0,0,0,0,1999-01-01,1999-01-01,1999-01-01,1999-01-01,1999-01-01,1999-01-01,0.628,0.574,0.224,0.531,0.211,0.0,2020-08-10,2020-03-04,2018-10-15,2020-03-09,2018-10-22,1999-01-01,10000,50000,132500,0.0,22.22,-12.5,0.105,0.0,0.0,100.0,100.0,100,0.0809,0.0,0.0,100.0,100.0,100,100.0,0.0,0.0,89.38,100.0,100.0,100.0,0.0,0.0,86.879,100.0,100.0,90.13,90.499,0.0,89.905,86.517,100.0,2020-08-10,1999-01-01,1999-01-01,1999-01-01,1999-01-01,1999-01-01,2020-08-10,1999-01-01,1999-01-01,2020-03-20,1999-01-01,1999-01-01,2020-08-10,1999-01-01,1999-01-01,2020-03-09,1999-01-01,1999-01-01,2020-08-10,2020-07-27,1999-01-01,2020-08-06,2020-03-09,1999-01-01,0,1,0,1,0,1,0,0,0,1,1,0,0,1,1,0,0,0,0,0,0,1,,,,,p2p,p2n,n2n,n2p,p2p,Life.Empty,Life.Empty,Life.Empty,Life.BearStart,Life.Bull,,
2020-11-12,0.60565,,,0.54,,0.44677,0.35622,0.28818,0.24616,0.53486,0.44142,0.09344,0.08935,0.00409,,,,,,,,,,,,,,,,,,,-0.0,-0.0491,0.02438,-0.00941,2.5915,72.15645,72.156,,-17.97355,67.24777,80.56393,67.248,,6.66667,40.0,6.667,,1.1006,1.5859,2.0061,0.9055,0.4853,0.4202,1,1,1,,0.15,,,,,,,0.0,0,0,0,0,0,1999-01-01,1999-01-01,1999-01-01,1999-01-01,1999-01-01,1999-01-01,0.628,0.574,0.224,0.54,0.531,0.211,2020-08-10,2020-03-04,2018-10-15,2020-11-12,2020-03-09,2018-10-22,50000,132500,100000,22.22,-12.5,46.75,0.105,0.0,0.0,100.0,100.0,100,0.0809,0.0,0.0,100.0,100.0,100,100.0,0.0,0.0,6.667,89.38,100.0,100.0,0.0,0.0,67.248,86.879,100.0,90.13,90.499,0.0,72.156,89.905,86.517,2020-08-10,1999-01-01,1999-01-01,1999-01-01,1999-01-01,1999-01-01,2020-08-10,1999-01-01,1999-01-01,2020-11-12,2020-03-20,1999-01-01,2020-08-10,1999-01-01,1999-01-01,2020-11-12,2020-03-09,1999-01-01,2020-08-10,2020-07-27,1999-01-01,2020-11-12,2020-08-06,2020-03-09,0,1,0,1,0,1,0,0,0,1,1,0,0,1,1,0,0,0,1,0,0,1,-100000.0,,,,p2n,n2n,n2p,p2p,n2p,Life.Empty,Life.Empty,Life.Empty,Life.BearStart,Life.Bull,,
2020-11-19,0.61288,,,,,0.45995,0.36649,0.29472,0.24986,0.54766,0.45451,0.09316,0.09011,0.00305,,,,,,,,,,,,,,,,,,,0.0785,0.0,0.02796,-0.00941,2.97267,74.82798,,74.828,2.67198,96.0925,83.39383,,96.093,29.63382,25.4335,,,1.1663,1.6523,2.1009,0.9346,0.486,0.4486,1,1,1,,0.15,,,,,,,0.0,0,0,0,0,0,1999-01-01,1999-01-01,1999-01-01,1999-01-01,1999-01-01,1999-01-01,0.628,0.574,0.224,0.54,0.531,0.211,2020-08-10,2020-03-04,2018-10-15,2020-11-12,2020-03-09,2018-10-22,132500,100000,201000,-12.5,46.75,53.45,0.105,0.0,0.0,100.0,100.0,100,0.0809,0.0,0.0,100.0,100.0,100,100.0,0.0,0.0,6.667,89.38,100.0,96.093,100.0,0.0,67.248,86.879,100.0,74.828,90.13,90.499,72.156,89.905,86.517,2020-08-10,1999-01-01,1999-01-01,1999-01-01,1999-01-01,1999-01-01,2020-08-10,1999-01-01,1999-01-01,2020-11-12,2020-03-20,1999-01-01,2020-11-19,2020-08-10,1999-01-01,2020-11-12,2020-03-09,1999-01-01,2020-11-19,2020-08-10,2020-07-27,2020-11-12,2020-08-06,2020-03-09,0,1,0,1,0,1,0,0,0,1,1,0,0,0,1,0,1,0,1,0,0,1,,,,,p2n,n2n,n2p,p2p,n2p,Life.Empty,Life.Empty,Life.Empty,Life.BearStart,Life.Bull,,
2020-11-30,0.62173,,,,,0.47212,0.37636,0.30112,0.25353,0.5585,0.46662,0.09188,0.09046,0.00141,,,,,,,,,,,,,,,,,,,0.0,0.0,0.02662,-0.00941,2.82992,73.88977,,,-0.93823,95.40122,86.24717,95.401,,62.96716,33.08922,,,1.2283,1.71,2.1859,0.9576,0.4817,0.4759,1,1,1,,0.15,,,,,,,0.0,0,0,0,0,0,1999-01-01,1999-01-01,1999-01-01,1999-01-01,1999-01-01,1999-01-01,0.628,0.574,0.224,0.54,0.531,0.211,2020-08-10,2020-03-04,2018-10-15,2020-11-12,2020-03-09,2018-10-22,100000,201000,29000,46.75,53.45,-23.88,0.105,0.0,0.0,100.0,100.0,100,0.0809,0.0,0.0,100.0,100.0,100,100.0,0.0,0.0,6.667,89.38,100.0,96.093,100.0,0.0,95.401,67.248,86.879,74.828,90.13,90.499,72.156,89.905,86.517,2020-08-10,1999-01-01,1999-01-01,1999-01-01,1999-01-01,1999-01-01,2020-08-10,1999-01-01,1999-01-01,2020-11-12,2020-03-20,1999-01-01,2020-11-19,2020-08-10,1999-01-01,2020-11-30,2020-11-12,2020-03-09,2020-11-19,2020-08-10,2020-07-27,2020-11-12,2020-08-06,2020-03-09,0,1,0,1,0,1,0,0,0,1,1,0,0,0,0,1,1,0,1,0,0,1,,,29000.0,,n2n,n2p,p2p,n2p,p2n,Life.Empty,Life.Empty,Life.Empty,Life.BearStart,Life.Bull,,
2020-12-02,0.6324,,,,0.623,0.48372,0.38603,0.30749,0.25721,0.56842,0.47821,0.09022,0.09041,-0.0002,,,,,,,,,,,,,,,,,,,0.0049,0.0,0.02428,-0.00941,2.58087,72.07379,,,-2.75421,96.6323,96.04201,,96.632,96.30049,62.96716,,96.3,1.2882,1.7623,2.2651,0.9769,0.4741,0.5028,1,1,1,,0.15,,,,,,,0.0,0,0,0,0,0,1999-01-01,1999-01-01,1999-01-01,1999-01-01,1999-01-01,1999-01-01,0.623,0.628,0.574,0.54,0.531,0.211,2020-12-02,2020-08-10,2020-03-04,2020-11-12,2020-03-09,2018-10-22,201000,29000,10000,53.45,-23.88,-27.27,0.105,0.0,0.0,100.0,100.0,100,0.0809,0.0,0.0,100.0,100.0,100,96.3,100.0,0.0,6.667,89.38,100.0,96.632,96.093,100.0,95.401,67.248,86.879,74.828,90.13,90.499,72.156,89.905,86.517,2020-08-10,1999-01-01,1999-01-01,1999-01-01,1999-01-01,1999-01-01,2020-12-02,2020-08-10,1999-01-01,2020-11-12,2020-03-20,1999-01-01,2020-12-02,2020-11-19,2020-08-10,2020-11-30,2020-11-12,2020-03-09,2020-11-19,2020-08-10,2020-07-27,2020-11-12,2020-08-06,2020-03-09,0,0,0,1,0,1,0,0,0,0,1,0,0,0,0,1,1,0,1,0,0,1,,,,,n2n,n2p,p2p,n2p,p2n,Life.Empty,Life.Empty,Life.Empty,Life.BearStart,Life.Bull,,
2020-12-10,0.64514,,,0.61,,0.49344,0.39481,0.31348,0.26072,0.57482,0.48797,0.08685,0.0897,-0.00285,,,,,,,,,,,,,,,,,,,-0.0,-0.013,0.01945,-0.01034,1.88182,65.29976,65.3,,-9.52824,83.25538,91.76297,83.255,,94.80416,84.6906,,,1.3409,1.7996,2.3272,0.9863,0.4587,0.5276,1,1,1,,0.15,,,,,,,0.0,0,0,0,0,0,1999-01-01,1999-01-01,1999-01-01,1999-01-01,1999-01-01,1999-01-01,0.623,0.628,0.574,0.61,0.54,0.531,2020-12-02,2020-08-10,2020-03-04,2020-12-10,2020-11-12,2020-03-09,29000,10000,100000,-23.88,-27.27,-42.08,0.105,0.0,0.0,100.0,100.0,100,0.0809,0.0,0.0,100.0,100.0,100,96.3,100.0,0.0,6.667,89.38,100.0,96.632,96.093,100.0,83.255,95.401,67.248,74.828,90.13,90.499,65.3,72.156,89.905,2020-08-10,1999-01-01,1999-01-01,1999-01-01,1999-01-01,1999-01-01,2020-12-02,2020-08-10,1999-01-01,2020-11-12,2020-03-20,1999-01-01,2020-12-02,2020-11-19,2020-08-10,2020-12-10,2020-11-30,2020-11-12,2020-11-19,2020-08-10,2020-07-27,2020-12-10,2020-11-12,2020-08-06,0,0,0,1,0,1,0,0,0,0,1,0,0,0,0,0,1,0,1,0,0,1,,,,,n2n,n2p,p2p,n2p,p2n,Life.Empty,Life.Empty,Life.Empty,Life.BearStart,Life.Bull,,
2020-12-21,0.65954,,,,,0.50625,0.40521,0.32035,0.26469,0.58792,0.50071,0.08721,0.0892,-0.00199,0.087,,,,,,,,,,,,,,,,,,0.05,0.0,0.02026,-0.01034,1.96061,66.22316,,,0.92316,100.0,93.29589,,,94.80416,95.30293,,,1.4052,1.859,2.4156,1.0104,0.4538,0.5566,1,1,1,,0.15,,,,,,,0.0,0,0,0,0,0,1999-01-01,1999-01-01,1999-01-01,1999-01-01,1999-01-01,1999-01-01,0.623,0.628,0.574,0.61,0.54,0.531,2020-12-02,2020-08-10,2020-03-04,2020-12-10,2020-11-12,2020-03-09,10000,100000,9000,-27.27,-42.08,-14.39,0.105,0.0,0.0,0.087,100.0,100,0.0809,0.0,0.0,0.0892,100.0,100,96.3,100.0,0.0,6.667,89.38,100.0,96.632,96.093,100.0,83.255,95.401,67.248,74.828,90.13,90.499,65.3,72.156,89.905,2020-08-10,1999-01-01,1999-01-01,2020-12-21,1999-01-01,1999-01-01,2020-12-02,2020-08-10,1999-01-01,2020-11-12,2020-03-20,1999-01-01,2020-12-02,2020-11-19,2020-08-10,2020-12-10,2020-11-30,2020-11-12,2020-11-19,2020-08-10,2020-07-27,2020-12-10,2020-11-12,2020-08-06,0,0,0,1,0,1,1,0,0,0,1,0,0,0,0,0,1,0,1,0,0,1,,,,,n2n,n2p,p2p,n2p,p2n,Life.Empty,Life.Empty,Life.Empty,Life.BearStart,Life.Bull,,
2020-12-22,0.67455,,,,0.78,0.52731,0.41991,0.32945,0.26982,0.61747,0.5214,0.09607,0.09058,0.0055,,0.096,,,,,,,,,,,,,,,,,0.12,0.0,0.02505,-0.01034,2.42364,70.79128,,70.791,5.49128,100.0,94.41846,,100.0,94.80416,94.80416,,,1.5009,1.9786,2.5749,1.074,0.4777,0.5963,1,1,1,,0.15,,,,,,,0.0,0,0,0,0,0,1999-01-01,1999-01-01,1999-01-01,1999-01-01,1999-01-01,1999-01-01,0.78,0.623,0.628,0.61,0.54,0.531,2020-12-22,2020-12-02,2020-08-10,2020-12-10,2020-11-12,2020-03-09,100000,9000,220000,-42.08,-14.39,176.47,0.096,0.105,0.0,0.087,100.0,100,0.09058,0.0809,0.0,0.0892,100.0,100,96.3,100.0,0.0,6.667,89.38,100.0,100.0,96.632,96.093,83.255,95.401,67.248,70.791,74.828,90.13,65.3,72.156,89.905,2020-12-22,2020-08-10,1999-01-01,2020-12-21,1999-01-01,1999-01-01,2020-12-02,2020-08-10,1999-01-01,2020-11-12,2020-03-20,1999-01-01,2020-12-22,2020-12-02,2020-11-19,2020-12-10,2020-11-30,2020-11-12,2020-12-22,2020-11-19,2020-08-10,2020-12-10,2020-11-12,2020-08-06,0,1,0,1,0,0,1,0,0,0,1,0,0,1,0,0,1,0,1,0,0,1,220000.0,,,,n2p,p2p,n2p,p2n,n2p,Life.Empty,Life.Empty,Life.Empty,Life.BearStart,Life.Bull,,
2021-01-11,0.68875,,,,,0.53751,0.42932,0.33599,0.2737,0.62402,0.53167,0.09235,0.09093,0.00142,,,,,,,,,,,,,,,,,,,-0.0,-0.12,0.02505,-0.01581,1.58473,61.31119,,,-9.47981,50.08319,83.36106,,,76.47059,88.69297,,,1.5562,2.0152,2.6381,1.0819,0.459,0.6229,1,1,1,,0.15,,,,,,,0.0,0,0,0,0,0,1999-01-01,1999-01-01,1999-01-01,1999-01-01,1999-01-01,1999-01-01,0.78,0.623,0.628,0.61,0.54,0.531,2020-12-22,2020-12-02,2020-08-10,2020-12-10,2020-11-12,2020-03-09,9000,220000,3000,-14.39,176.47,-29.48,0.096,0.105,0.0,0.087,100.0,100,0.09058,0.0809,0.0,0.0892,100.0,100,96.3,100.0,0.0,6.667,89.38,100.0,100.0,96.632,96.093,83.255,95.401,67.248,70.791,74.828,90.13,65.3,72.156,89.905,2020-12-22,2020-08-10,1999-01-01,2020-12-21,1999-01-01,1999-01-01,2020-12-02,2020-08-10,1999-01-01,2020-11-12,2020-03-20,1999-01-01,2020-12-22,2020-12-02,2020-11-19,2020-12-10,2020-11-30,2020-11-12,2020-12-22,2020-11-19,2020-08-10,2020-12-10,2020-11-12,2020-08-06,0,1,0,1,0,0,1,0,0,0,1,0,0,1,0,0,1,0,1,0,0,1,,,-3000.0,,p2p,n2p,p2n,n2p,p2n,Life.Empty,Life.Empty,Life.Empty,Life.BearStart,Life.Bull,,
2021-01-25,0.70055,,,,,0.54694,0.43837,0.34241,0.27754,0.62955,0.54117,0.08838,0.09042,-0.00204,,,,,,,,,,,,,,,,,,,0.0,0.0,0.0216,-0.01581,1.36647,57.74298,,,-13.04802,50.08319,66.72213,,,52.94118,74.73864,,,1.6083,2.0453,2.694,1.0857,0.437,0.6487,1,1,1,,0.15,,,,,,,0.0,0,0,0,0,0,1999-01-01,1999-01-01,1999-01-01,1999-01-01,1999-01-01,1999-01-01,0.78,0.623,0.628,0.61,0.54,0.531,2020-12-22,2020-12-02,2020-08-10,2020-12-10,2020-11-12,2020-03-09,220000,3000,50000,176.47,-29.48,17.67,0.096,0.105,0.0,0.087,100.0,100,0.09058,0.0809,0.0,0.0892,100.0,100,96.3,100.0,0.0,6.667,89.38,100.0,100.0,96.632,96.093,83.255,95.401,67.248,70.791,74.828,90.13,65.3,72.156,89.905,2020-12-22,2020-08-10,1999-01-01,2020-12-21,1999-01-01,1999-01-01,2020-12-02,2020-08-10,1999-01-01,2020-11-12,2020-03-20,1999-01-01,2020-12-22,2020-12-02,2020-11-19,2020-12-10,2020-11-30,2020-11-12,2020-12-22,2020-11-19,2020-08-10,2020-12-10,2020-11-12,2020-08-06,0,1,0,1,0,0,1,0,0,0,1,0,0,1,0,0,1,0,1,0,0,1,50000.0,,,,n2p,p2n,n2p,p2n,n2p,Life.Empty,Life.Empty,Life.Empty,Life.BearStart,Life.Bull,,
2021-03-12,0.70852,,,0.66,,0.55563,0.44706,0.3487,0.28135,0.63424,0.54998,0.08426,0.08919,-0.00493,0.084,,,,,,,,,,,,,,,,,,0.0,0.0,0.0195,-0.01581,1.23362,55.22962,55.23,,-15.56138,50.08319,50.08319,50.083,,29.41176,52.94118,29.412,,1.6571,2.0693,2.7428,1.0857,0.4122,0.6735,1,1,1,,0.15,,,,,,,0.0,0,0,0,0,0,1999-01-01,1999-01-01,1999-01-01,1999-01-01,1999-01-01,1999-01-01,0.78,0.623,0.628,0.66,0.61,0.54,2020-12-22,2020-12-02,2020-08-10,2021-03-12,2020-12-10,2020-11-12,3000,50000,417500,-29.48,17.67,72.34,0.096,0.105,0.0,0.084,0.087,100,0.09058,0.0809,0.0,0.08919,0.0892,100,96.3,100.0,0.0,29.412,6.667,89.38,100.0,96.632,96.093,50.083,83.255,95.401,70.791,74.828,90.13,55.23,65.3,72.156,2020-12-22,2020-08-10,1999-01-01,2021-03-12,2020-12-21,1999-01-01,2020-12-02,2020-08-10,1999-01-01,2021-03-12,2020-11-12,2020-03-20,2020-12-22,2020-12-02,2020-11-19,2021-03-12,2020-12-10,2020-11-30,2020-12-22,2020-11-19,2020-08-10,2021-03-12,2020-12-10,2020-11-12,0,1,0,1,0,0,1,0,0,0,0,0,0,1,1,0,1,0,1,0,0,1,,417500.0,,,p2n,n2p,p2n,n2p,p2p,Life.Empty,Life.Empty,Life.Empty,Life.BearStart,Life.Bull,,
2021-04-05,0.71122,,0.711,,,0.57289,0.46012,0.35724,0.28631,0.65666,0.56701,0.08965,0.08928,0.00037,,,,,,,,,,,,,,,,,,,0.12,0.0,0.02737,-0.01581,1.73159,63.39123,,,8.16123,100.0,66.72213,,,52.94118,45.09804,,,1.7381,2.1565,2.8658,1.1277,0.4184,0.7093,1,1,1,,0.15,,,,,,,0.711,0,0,0,0,0,2021-04-05,1999-01-01,1999-01-01,1999-01-01,1999-01-01,1999-01-01,0.78,0.623,0.628,0.66,0.61,0.54,2020-12-22,2020-12-02,2020-08-10,2021-03-12,2020-12-10,2020-11-12,50000,417500,10000,17.67,72.34,1.49,0.096,0.105,0.0,0.084,0.087,100,0.09058,0.0809,0.0,0.08919,0.0892,100,96.3,100.0,0.0,29.412,6.667,89.38,100.0,96.632,96.093,50.083,83.255,95.401,70.791,74.828,90.13,55.23,65.3,72.156,2020-12-22,2020-08-10,1999-01-01,2021-03-12,2020-12-21,1999-01-01,2020-12-02,2020-08-10,1999-01-01,2021-03-12,2020-11-12,2020-03-20,2020-12-22,2020-12-02,2020-11-19,2021-03-12,2020-12-10,2020-11-30,2020-12-22,2020-11-19,2020-08-10,2021-03-12,2020-12-10,2020-11-12,0,1,0,1,0,0,1,0,0,0,0,0,0,1,1,0,1,0,1,0,0,1,,,,,p2n,n2p,p2n,n2p,p2p,Life.Empty,Life.Empty,Life.Empty,Life.BearStart,Life.Bull,,
2021-04-07,0.70739,,,,0.8,0.59036,0.47345,0.36601,0.29142,0.67871,0.58427,0.09444,0.09031,0.00413,,0.094,,,,,,,,,,,,,,,,,0.02,0.0,0.0281,-0.01581,1.77768,63.9987,,63.999,8.7687,100.0,83.36106,,100.0,76.47059,52.94118,,,1.8203,2.2435,2.9894,1.1691,0.4232,0.7459,1,1,1,,0.15,,,,,,,0.711,0,0,0,0,0,2021-04-05,1999-01-01,1999-01-01,1999-01-01,1999-01-01,1999-01-01,0.8,0.78,0.623,0.66,0.61,0.54,2021-04-07,2020-12-22,2020-12-02,2021-03-12,2020-12-10,2020-11-12,417500,10000,30000,72.34,1.49,-4.19,0.094,0.096,0.105,0.084,0.087,100,0.09031,0.09058,0.0809,0.08919,0.0892,100,96.3,100.0,0.0,29.412,6.667,89.38,100.0,100.0,96.632,50.083,83.255,95.401,63.999,70.791,74.828,55.23,65.3,72.156,2021-04-07,2020-12-22,2020-08-10,2021-03-12,2020-12-21,1999-01-01,2020-12-02,2020-08-10,1999-01-01,2021-03-12,2020-11-12,2020-03-20,2021-04-07,2020-12-22,2020-12-02,2021-03-12,2020-12-10,2020-11-30,2021-04-07,2020-12-22,2020-11-19,2021-03-12,2020-12-10,2020-11-12,0,1,0,1,1,0,1,0,0,0,0,0,0,1,1,0,1,0,1,0,1,1,,,,,p2n,n2p,p2n,n2p,p2p,Life.Empty,Life.Empty,Life.Empty,Life.BearStart,Life.Bull,,
2021-04-12,0.69654,,,,,0.60226,0.4841,0.37351,0.29593,0.68891,0.59618,0.09273,0.0908,0.00194,,,,,,,,,,,,,,,,,,,-0.0,-0.055,0.0281,-0.01694,1.65922,62.39492,,,-1.60408,78.87865,92.95955,,,86.90476,72.10551,,86.905,1.8817,2.2875,3.0633,1.1816,0.4058,0.7758,1,1,1,,0.15,,,,,,,0.711,0,0,0,0,0,2021-04-05,1999-01-01,1999-01-01,1999-01-01,1999-01-01,1999-01-01,0.8,0.78,0.623,0.66,0.61,0.54,2021-04-07,2020-12-22,2020-12-02,2021-03-12,2020-12-10,2020-11-12,10000,30000,20000,1.49,-4.19,-86.89,0.094,0.096,0.105,0.084,0.087,100,0.09031,0.09058,0.0809,0.08919,0.0892,100,86.905,96.3,100.0,29.412,6.667,89.38,100.0,100.0,96.632,50.083,83.255,95.401,63.999,70.791,74.828,55.23,65.3,72.156,2021-04-07,2020-12-22,2020-08-10,2021-03-12,2020-12-21,1999-01-01,2021-04-12,2020-12-02,2020-08-10,2021-03-12,2020-11-12,2020-03-20,2021-04-07,2020-12-22,2020-12-02,2021-03-12,2020-12-10,2020-11-30,2021-04-07,2020-12-22,2020-11-19,2021-03-12,2020-12-10,2020-11-12,0,1,0,1,1,0,1,0,1,0,0,0,0,1,1,0,1,0,1,0,1,1,,,,-20000.0,n2p,p2n,n2p,p2p,n2n,Life.Empty,Life.Empty,Life.Empty,Life.BearStart,Life.Bull,,
2021-04-13,0.67999,,,,,0.61324,0.49433,0.38087,0.3004,0.69754,0.6072,0.09034,0.09071,-0.00037,,,,,,,,,,,,,,,,,,,0.0,0.0,0.0281,-0.01694,1.65922,62.39492,,,-1.60408,78.87865,85.9191,,,73.80952,79.06162,,,1.9393,2.3237,3.1284,1.1891,0.3844,0.8047,1,1,1,,0.15,,,,,,,0.711,0,0,0,0,0,2021-04-05,1999-01-01,1999-01-01,1999-01-01,1999-01-01,1999-01-01,0.8,0.78,0.623,0.66,0.61,0.54,2021-04-07,2020-12-22,2020-12-02,2021-03-12,2020-12-10,2020-11-12,30000,20000,10000,-4.19,-86.89,0.0,0.094,0.096,0.105,0.084,0.087,100,0.09031,0.09058,0.0809,0.08919,0.0892,100,86.905,96.3,100.0,29.412,6.667,89.38,100.0,100.0,96.632,50.083,83.255,95.401,63.999,70.791,74.828,55.23,65.3,72.156,2021-04-07,2020-12-22,2020-08-10,2021-03-12,2020-12-21,1999-01-01,2021-04-12,2020-12-02,2020-08-10,2021-03-12,2020-11-12,2020-03-20,2021-04-07,2020-12-22,2020-12-02,2021-03-12,2020-12-10,2020-11-30,2021-04-07,2020-12-22,2020-11-19,2021-03-12,2020-12-10,2020-11-12,0,1,0,1,1,0,1,0,1,0,0,0,0,1,1,0,1,0,1,0,1,1,,,,,n2p,p2n,n2p,p2p,n2n,Life.Empty,Life.Empty,Life.Empty,Life.BearStart,Life.Bull,,
2021-05-31,0.6603,,,,,0.61606,0.50043,0.3862,0.30388,0.69023,0.61037,0.07985,0.08854,-0.00868,,,,,,,,,,,,,,,,,,,-0.0,-0.095,0.0281,-0.02021,1.39011,58.16085,,,-5.83815,29.01088,62.25606,,,40.47619,67.06349,,,1.9655,2.2986,3.1218,1.1563,0.3331,0.8232,1,1,0,,,0.15,,,,,,0.711,0,0,0,0,0,2021-04-05,1999-01-01,1999-01-01,1999-01-01,1999-01-01,1999-01-01,0.8,0.78,0.623,0.66,0.61,0.54,2021-04-07,2020-12-22,2020-12-02,2021-03-12,2020-12-10,2020-11-12,20000,10000,20000,-86.89,0.0,-16.67,0.094,0.096,0.105,0.084,0.087,100,0.09031,0.09058,0.0809,0.08919,0.0892,100,86.905,96.3,100.0,29.412,6.667,89.38,100.0,100.0,96.632,50.083,83.255,95.401,63.999,70.791,74.828,55.23,65.3,72.156,2021-04-07,2020-12-22,2020-08-10,2021-03-12,2020-12-21,1999-01-01,2021-04-12,2020-12-02,2020-08-10,2021-03-12,2020-11-12,2020-03-20,2021-04-07,2020-12-22,2020-12-02,2021-03-12,2020-12-10,2020-11-30,2021-04-07,2020-12-22,2020-11-19,2021-03-12,2020-12-10,2020-11-12,0,1,0,1,1,0,1,0,1,0,0,0,0,1,1,0,1,0,1,0,1,1,,,,,n2p,p2n,n2p,p2p,n2n,Life.Empty,Life.Empty,Life.BearStart,Life.Bull,Life.BullRetrace,,
