Date,smooth_close,smooth_troughs,smooth_peaks,close_troughs,close_peaks,ma25,ma50,ma100,ma200,macd_short,macd_long,MACD,MACD_signal,macd_distance,macd_troughs,macd_peaks,PnL1,PnL2,PnL3,PnL4,PnL5,PnL6,PnL7,PnL8,PnL1_days,PnL2_days,PnL3_days,PnL4_days,PnL5_days,PnL6_days,PnL7_days,PnL8_days,rsi_up_chg,rsi_down_chg,rsi_up_chg_avg,rsi_down_chg_avg,rsi_rs,RSI,rsi_troughs,rsi_peaks,rsi_distance,fastK,fastD,fast_troughs,fast_peaks,slowK,slowD,slow_troughs,slow_peaks,dist_no25,dist_no200,dist_all4,all_no25,no200_no25,all_no200,all4_up,no25_up,no200_up,bull_start,bull,bull_retrace,bull_end,bear_start,bear,bear_recovery,bear_end,smooth_p1,smooth_p2,smooth_p3,smooth_t1,smooth_t2,smooth_t3,smooth_p1_date,smooth_p2_date,smooth_p3_date,smooth_t1_date,smooth_t2_date,smooth_t3_date,smooth_diff_1,smooth_diff_2,smooth_diff_3,smooth_diff_4,smooth_diff_5,close_p1,close_p2,close_p3,close_t1,close_t2,close_t3,close_p1_date,close_p2_date,close_p3_date,close_t1_date,close_t2_date,close_t3_date,v3,v2,v1,v3p,v2p,v1p,macd_p1,macd_p2,macd_p3,macd_t1,macd_t2,macd_t3,macd_p1_signal,macd_p2_signal,macd_p3_signal,macd_t1_signal,macd_t2_signal,macd_t3_signal,slow_p1,slow_p2,slow_p3,slow_t1,slow_t2,slow_t3,fast_p1,fast_p2,fast_p3,fast_t1,fast_t2,fast_t3,rsi_p1,rsi_p2,rsi_p3,rsi_t1,rsi_t2,rsi_t3,macd_p1_date,macd_p2_date,macd_p3_date,macd_t1_date,macd_t2_date,macd_t3_date,macd_p1_days,macd_p2_days,macd_p3_days,macd_t1_days,macd_t2_days,macd_t3_days,slow_p1_date,slow_p2_date,slow_p3_date,slow_t1_date,slow_t2_date,slow_t3_date,fast_p1_date,fast_p2_date,fast_p3_date,fast_t1_date,fast_t2_date,fast_t3_date,rsi_p1_date,rsi_p2_date,rsi_p3_date,rsi_t1_date,rsi_t2_date,rsi_t3_date,minsmcp,maxsmcp,minsmct,maxsmct,mincp,maxcp,minct,maxct,minmp,maxmp,minmt,maxmt,minsp,maxsp,minst,maxst,minfp,maxfp,minft,maxft,minrp,maxrp,minrt,maxrt,mp_positives,mt_positives,vol_n2p,vol_p2p,vol_p2n,vol_n2n,vol_hist5,vol_hist4,vol_hist3,vol_hist2,vol_hist1,life5,life4,life3,life2,life1,buy_call,sell_call
2019-01-15,0.11737,,,,,0.1092,0.1092,0.1092,0.1092,0.1092,0.1092,0.0,0.0,0.0,,,,,,,,,,,,,,,,,,,,,,,,,,,,,,,,,,,,-0.0,-0.0,-0.0,0.0,0.0,0.0,0,0,0,,,,,0.15,,,,0,0,0,0,0,0,1999-01-01,1999-01-01,1999-01-01,1999-01-01,1999-01-01,1999-01-01,,,,,,0.0,0,0,0.0,0,0,1999-01-01,1999-01-01,1999-01-01,1999-01-01,1999-01-01,1999-01-01,0,0,22600,0.0,0.0,2260000.0,0.0,0.0,0.0,100.0,100.0,100.0,0.0,0.0,0.0,100.0,100.0,100.0,0,0,0,100.0,100,100,0,0,0,100.0,100,100,0.0,0.0,0.0,100.0,100.0,100.0,1999-01-01,1999-01-01,1999-01-01,1999-01-01,1999-01-01,1999-01-01,0,0,0,0,0,0,1999-01-01,1999-01-01,1999-01-01,1999-01-01,1999-01-01,1999-01-01,1999-01-01,1999-01-01,1999-01-01,1999-01-01,1999-01-01,1999-01-01,1999-01-01,1999-01-01,1999-01-01,1999-01-01,1999-01-01,1999-01-01,0,0,0,0,0,0,0,0,0,0,0,0,0,0,0,0,0,0,0,0,0,0,0,0,1,1,,,,,,,,,,Life.Empty,Life.Empty,Life.Empty,Life.Empty,Life.BearStart,,
2019-01-16,0.13368,,,,,0.10997,0.10959,0.1094,0.1093,0.11074,0.10994,0.0008,0.00016,0.00064,,,,,,,,,,,,,,,,,,,0.01,0.0,,,,,,,,,,,,,,,,0.0029,0.0057,0.0067,0.0038,0.0028,0.001,1,1,1,,0.15,,,,,,,0,0,0,0,0,0,1999-01-01,1999-01-01,1999-01-01,1999-01-01,1999-01-01,1999-01-01,,,,,,0.0,0,0,0.0,0,0,1999-01-01,1999-01-01,1999-01-01,1999-01-01,1999-01-01,1999-01-01,0,22600,4000,0.0,2260000.0,17.7,0.0,0.0,0.0,100.0,100.0,100.0,0.0,0.0,0.0,100.0,100.0,100.0,0,0,0,100.0,100,100,0,0,0,100.0,100,100,0.0,0.0,0.0,100.0,100.0,100.0,1999-01-01,1999-01-01,1999-01-01,1999-01-01,1999-01-01,1999-01-01,0,0,0,0,0,0,1999-01-01,1999-01-01,1999-01-01,1999-01-01,1999-01-01,1999-01-01,1999-01-01,1999-01-01,1999-01-01,1999-01-01,1999-01-01,1999-01-01,1999-01-01,1999-01-01,1999-01-01,1999-01-01,1999-01-01,1999-01-01,0,0,0,0,0,0,0,0,0,0,0,0,0,0,0,0,0,0,0,0,0,0,0,0,1,1,,,,,,,,,,Life.Empty,Life.Empty,Life.Empty,Life.BearStart,Life.Bull,,
2019-03-04,0.14992,,,,,0.11297,0.11114,0.11018,0.10969,0.11662,0.11283,0.00379,0.00089,0.00291,,,,,,,,,,,,,,,,,,,0.0298,0.0,,,,,,,,,,,,,,,,0.0145,0.0279,0.0328,0.0183,0.0134,0.0049,1,1,1,,0.15,,,,,,,0,0,0,0,0,0,1999-01-01,1999-01-01,1999-01-01,1999-01-01,1999-01-01,1999-01-01,,,,,,0.0,0,0,0.0,0,0,1999-01-01,1999-01-01,1999-01-01,1999-01-01,1999-01-01,1999-01-01,22600,4000,20000,2260000.0,17.7,75.19,0.0,0.0,0.0,100.0,100.0,100.0,0.0,0.0,0.0,100.0,100.0,100.0,0,0,0,100.0,100,100,0,0,0,100.0,100,100,0.0,0.0,0.0,100.0,100.0,100.0,1999-01-01,1999-01-01,1999-01-01,1999-01-01,1999-01-01,1999-01-01,0,0,0,0,0,0,1999-01-01,1999-01-01,1999-01-01,1999-01-01,1999-01-01,1999-01-01,1999-01-01,1999-01-01,1999-01-01,1999-01-01,1999-01-01,1999-01-01,1999-01-01,1999-01-01,1999-01-01,1999-01-01,1999-01-01,1999-01-01,0,0,0,0,0,0,0,0,0,0,0,0,0,0,0,0,0,0,0,0,0,0,0,0,1,1,,20000.0,,,,,,,p2p,Life.Empty,Life.Empty,Life.Empty,Life.BearStart,Life.Bull,,
2019-03-14,0.16612,,,,,0.1165,0.11301,0.11115,0.11018,0.12313,0.11625,0.00688,0.00209,0.0048,,,,,,,,,,,,,,,,,,,0.0099,0.0,,,,,,,,,,,,,,,,0.0283,0.0535,0.0632,0.0349,0.0252,0.0097,1,1,1,,0.15,,,,,,,0,0,0,0,0,0,1999-01-01,1999-01-01,1999-01-01,1999-01-01,1999-01-01,1999-01-01,,,,,,0.0,0,0,0.0,0,0,1999-01-01,1999-01-01,1999-01-01,1999-01-01,1999-01-01,1999-01-01,4000,20000,20000,17.7,75.19,-5.58,0.0,0.0,0.0,100.0,100.0,100.0,0.0,0.0,0.0,100.0,100.0,100.0,0,0,0,100.0,100,100,0,0,0,100.0,100,100,0.0,0.0,0.0,100.0,100.0,100.0,1999-01-01,1999-01-01,1999-01-01,1999-01-01,1999-01-01,1999-01-01,0,0,0,0,0,0,1999-01-01,1999-01-01,1999-01-01,1999-01-01,1999-01-01,1999-01-01,1999-01-01,1999-01-01,1999-01-01,1999-01-01,1999-01-01,1999-01-01,1999-01-01,1999-01-01,1999-01-01,1999-01-01,1999-01-01,1999-01-01,0,0,0,0,0,0,0,0,0,0,0,0,0,0,0,0,0,0,0,0,0,0,0,0,1,1,,,20000.0,,,,,p2p,p2n,Life.Empty,Life.Empty,Life.Empty,Life.BearStart,Life.Bull,,
2019-05-02,0.18241,,,,,0.12282,0.11637,0.11288,0.11106,0.13474,0.12235,0.01239,0.00415,0.00825,,,,,,,,,,,,,,,,,,,0.0397,0.0,,,,,,,,,,,,,,,,0.0531,0.0994,0.1176,0.0645,0.0463,0.0182,1,1,1,,0.15,,,,,,,0,0,0,0,0,0,1999-01-01,1999-01-01,1999-01-01,1999-01-01,1999-01-01,1999-01-01,,,,,,0.0,0,0,0.0,0,0,1999-01-01,1999-01-01,1999-01-01,1999-01-01,1999-01-01,1999-01-01,20000,20000,140000,75.19,-5.58,309.08,0.0,0.0,0.0,100.0,100.0,100.0,0.0,0.0,0.0,100.0,100.0,100.0,0,0,0,100.0,100,100,0,0,0,100.0,100,100,0.0,0.0,0.0,100.0,100.0,100.0,1999-01-01,1999-01-01,1999-01-01,1999-01-01,1999-01-01,1999-01-01,0,0,0,0,0,0,1999-01-01,1999-01-01,1999-01-01,1999-01-01,1999-01-01,1999-01-01,1999-01-01,1999-01-01,1999-01-01,1999-01-01,1999-01-01,1999-01-01,1999-01-01,1999-01-01,1999-01-01,1999-01-01,1999-01-01,1999-01-01,0,0,0,0,0,0,0,0,0,0,0,0,0,0,0,0,0,0,0,0,0,0,0,0,1,1,140000.0,,,,,,p2p,p2n,n2p,Life.Empty,Life.Empty,Life.Empty,Life.BearStart,Life.Bull,,
2019-05-21,0.19875,,,,,0.12941,0.11998,0.11477,0.11203,0.14609,0.12873,0.01736,0.00679,0.01057,,,,,,,,,,,,,,,,,,,0.0099,0.0,,,,,,,,,,,,,,,,0.0795,0.1464,0.1738,0.0943,0.0669,0.0274,1,1,1,,0.15,,,,,,,0,0,0,0,0,0,1999-01-01,1999-01-01,1999-01-01,1999-01-01,1999-01-01,1999-01-01,,,,,,0.0,0,0,0.0,0,0,1999-01-01,1999-01-01,1999-01-01,1999-01-01,1999-01-01,1999-01-01,20000,140000,20000,-5.58,309.08,0.0,0.0,0.0,0.0,100.0,100.0,100.0,0.0,0.0,0.0,100.0,100.0,100.0,0,0,0,100.0,100,100,0,0,0,100.0,100,100,0.0,0.0,0.0,100.0,100.0,100.0,1999-01-01,1999-01-01,1999-01-01,1999-01-01,1999-01-01,1999-01-01,0,0,0,0,0,0,1999-01-01,1999-01-01,1999-01-01,1999-01-01,1999-01-01,1999-01-01,1999-01-01,1999-01-01,1999-01-01,1999-01-01,1999-01-01,1999-01-01,1999-01-01,1999-01-01,1999-01-01,1999-01-01,1999-01-01,1999-01-01,0,0,0,0,0,0,0,0,0,0,0,0,0,0,0,0,0,0,0,0,0,0,0,0,1,1,,,,,,,p2p,p2n,n2p,Life.Empty,Life.Empty,Life.Empty,Life.BearStart,Life.Bull,,
2019-05-23,0.21487,,,,,0.13549,0.12345,0.11663,0.11299,0.15569,0.13464,0.02105,0.00964,0.01141,,,,,,,,,,,,,,,,,,,0.0,0.0,,,,,,,,,,,,100.0,,,,0.1046,0.1886,0.225,0.1204,0.084,0.0364,1,1,1,,0.15,,,,,,,0,0,0,0,0,0,1999-01-01,1999-01-01,1999-01-01,1999-01-01,1999-01-01,1999-01-01,,,,,,0.0,0,0,0.0,0,0,1999-01-01,1999-01-01,1999-01-01,1999-01-01,1999-01-01,1999-01-01,140000,20000,40000,309.08,0.0,11.11,0.0,0.0,0.0,100.0,100.0,100.0,0.0,0.0,0.0,100.0,100.0,100.0,0,0,0,100.0,100,100,0,0,0,100.0,100,100,0.0,0.0,0.0,100.0,100.0,100.0,1999-01-01,1999-01-01,1999-01-01,1999-01-01,1999-01-01,1999-01-01,0,0,0,0,0,0,1999-01-01,1999-01-01,1999-01-01,1999-01-01,1999-01-01,1999-01-01,1999-01-01,1999-01-01,1999-01-01,1999-01-01,1999-01-01,1999-01-01,1999-01-01,1999-01-01,1999-01-01,1999-01-01,1999-01-01,1999-01-01,0,0,0,0,0,0,0,0,0,0,0,0,0,0,0,0,0,0,0,0,0,0,0,0,1,1,,,,,,,p2p,p2n,n2p,Life.Empty,Life.Empty,Life.Empty,Life.BearStart,Life.Bull,,
2019-05-27,0.23043,,,,,0.14226,0.12737,0.11874,0.11409,0.16611,0.14121,0.02489,0.01269,0.0122,,,,,,,,,,,,,,,,,,,0.0149,0.0,,,,,,,,,,,,100.0,,,,0.1328,0.2352,0.2817,0.1489,0.1024,0.0465,1,1,1,,0.15,,,,,,,0,0,0,0,0,0,1999-01-01,1999-01-01,1999-01-01,1999-01-01,1999-01-01,1999-01-01,,,,,,0.0,0,0,0.0,0,0,1999-01-01,1999-01-01,1999-01-01,1999-01-01,1999-01-01,1999-01-01,20000,40000,40000,0.0,11.11,-50.0,0.0,0.0,0.0,100.0,100.0,100.0,0.0,0.0,0.0,100.0,100.0,100.0,0,0,0,100.0,100,100,0,0,0,100.0,100,100,0.0,0.0,0.0,100.0,100.0,100.0,1999-01-01,1999-01-01,1999-01-01,1999-01-01,1999-01-01,1999-01-01,0,0,0,0,0,0,1999-01-01,1999-01-01,1999-01-01,1999-01-01,1999-01-01,1999-01-01,1999-01-01,1999-01-01,1999-01-01,1999-01-01,1999-01-01,1999-01-01,1999-01-01,1999-01-01,1999-01-01,1999-01-01,1999-01-01,1999-01-01,0,0,0,0,0,0,0,0,0,0,0,0,0,0,0,0,0,0,0,0,0,0,0,0,1,1,,,40000.0,,,p2p,p2n,n2p,p2n,Life.Empty,Life.Empty,Life.Empty,Life.BearStart,Life.Bull,,
2019-05-29,0.24503,,,,,0.15041,0.13211,0.12131,0.11543,0.17875,0.14914,0.02961,0.01608,0.01353,,,,,,,,,,,,,,,,,,,0.0249,0.0,,,,,,,,,,,,100.0,100.0,,,0.1668,0.291,0.3498,0.183,0.1242,0.0588,1,1,1,,0.15,,,,,,,0,0,0,0,0,0,1999-01-01,1999-01-01,1999-01-01,1999-01-01,1999-01-01,1999-01-01,,,,,,0.0,0,0,0.0,0,0,1999-01-01,1999-01-01,1999-01-01,1999-01-01,1999-01-01,1999-01-01,40000,40000,220000,11.11,-50.0,200.0,0.0,0.0,0.0,100.0,100.0,100.0,0.0,0.0,0.0,100.0,100.0,100.0,0,0,0,100.0,100,100,0,0,0,100.0,100,100,0.0,0.0,0.0,100.0,100.0,100.0,1999-01-01,1999-01-01,1999-01-01,1999-01-01,1999-01-01,1999-01-01,0,0,0,0,0,0,1999-01-01,1999-01-01,1999-01-01,1999-01-01,1999-01-01,1999-01-01,1999-01-01,1999-01-01,1999-01-01,1999-01-01,1999-01-01,1999-01-01,1999-01-01,1999-01-01,1999-01-01,1999-01-01,1999-01-01,1999-01-01,0,0,0,0,0,0,0,0,0,0,0,0,0,0,0,0,0,0,0,0,0,0,0,0,1,1,220000.0,,,,p2p,p2n,n2p,p2n,n2p,Life.Empty,Life.Empty,Life.Empty,Life.BearStart,Life.Bull,,
2019-06-12,0.25844,,,,,0.15985,0.13764,0.12431,0.117,0.19327,0.15833,0.03494,0.01985,0.01509,,,,,,,,,,,,,,,,,,,0.0248,0.0,,,,,,,,,,,,100.0,100.0,,,0.2064,0.3554,0.4285,0.2221,0.149,0.0731,1,1,1,,0.15,,,,,,,0,0,0,0,0,0,1999-01-01,1999-01-01,1999-01-01,1999-01-01,1999-01-01,1999-01-01,,,,,,0.0,0,0,0.0,0,0,1999-01-01,1999-01-01,1999-01-01,1999-01-01,1999-01-01,1999-01-01,40000,220000,40000,-50.0,200.0,0.0,0.0,0.0,0.0,100.0,100.0,100.0,0.0,0.0,0.0,100.0,100.0,100.0,0,0,0,100.0,100,100,0,0,0,100.0,100,100,0.0,0.0,0.0,100.0,100.0,100.0,1999-01-01,1999-01-01,1999-01-01,1999-01-01,1999-01-01,1999-01-01,0,0,0,0,0,0,1999-01-01,1999-01-01,1999-01-01,1999-01-01,1999-01-01,1999-01-01,1999-01-01,1999-01-01,1999-01-01,1999-01-01,1999-01-01,1999-01-01,1999-01-01,1999-01-01,1999-01-01,1999-01-01,1999-01-01,1999-01-01,0,0,0,0,0,0,0,0,0,0,0,0,0,0,0,0,0,0,0,0,0,0,0,0,1,1,,,,,p2p,p2n,n2p,p2n,n2p,Life.Empty,Life.Empty,Life.Empty,Life.BearStart,Life.Bull,,
2019-06-18,0.27066,,,,,0.16856,0.14295,0.12726,0.11855,0.20555,0.16683,0.03872,0.02362,0.0151,,,,,,,,,,,,,,,,,,,0.0,0.0,,,,,,,,,,,,100.0,100.0,,,0.244,0.413,0.5001,0.2561,0.169,0.0871,1,1,1,,0.15,,,,,,,0,0,0,0,0,0,1999-01-01,1999-01-01,1999-01-01,1999-01-01,1999-01-01,1999-01-01,,,,,,0.0,0,0,0.0,0,0,1999-01-01,1999-01-01,1999-01-01,1999-01-01,1999-01-01,1999-01-01,220000,40000,40000,200.0,0.0,0.0,0.0,0.0,0.0,100.0,100.0,100.0,0.0,0.0,0.0,100.0,100.0,100.0,0,0,0,100.0,100,100,0,0,0,100.0,100,100,0.0,0.0,0.0,100.0,100.0,100.0,1999-01-01,1999-01-01,1999-01-01,1999-01-01,1999-01-01,1999-01-01,0,0,0,0,0,0,1999-01-01,1999-01-01,1999-01-01,1999-01-01,1999-01-01,1999-01-01,1999-01-01,1999-01-01,1999-01-01,1999-01-01,1999-01-01,1999-01-01,1999-01-01,1999-01-01,1999-01-01,1999-01-01,1999-01-01,1999-01-01,0,0,0,0,0,0,0,0,0,0,0,0,0,0,0,0,0,0,0,0,0,0,0,0,1,1,,,,,p2p,p2n,n2p,p2n,n2p,Life.Empty,Life.Empty,Life.Empty,Life.BearStart,Life.Bull,,
2019-06-19,0.28179,,,,,0.17851,0.14903,0.13064,0.12033,0.21976,0.17654,0.04322,0.02754,0.01568,,,,,,,,,,,,,,,,,,,0.0248,0.0,,,,,,,,,,,,100.0,100.0,,,0.287,0.4787,0.5818,0.2948,0.1917,0.1031,1,1,1,,0.15,,,,,,,0,0,0,0,0,0,1999-01-01,1999-01-01,1999-01-01,1999-01-01,1999-01-01,1999-01-01,,,,,,0.0,0,0,0.0,0,0,1999-01-01,1999-01-01,1999-01-01,1999-01-01,1999-01-01,1999-01-01,40000,40000,40000,0.0,0.0,-60.0,0.0,0.0,0.0,100.0,100.0,100.0,0.0,0.0,0.0,100.0,100.0,100.0,0,0,0,100.0,100,100,0,0,0,100.0,100,100,0.0,0.0,0.0,100.0,100.0,100.0,1999-01-01,1999-01-01,1999-01-01,1999-01-01,1999-01-01,1999-01-01,0,0,0,0,0,0,1999-01-01,1999-01-01,1999-01-01,1999-01-01,1999-01-01,1999-01-01,1999-01-01,1999-01-01,1999-01-01,1999-01-01,1999-01-01,1999-01-01,1999-01-01,1999-01-01,1999-01-01,1999-01-01,1999-01-01,1999-01-01,0,0,0,0,0,0,0,0,0,0,0,0,0,0,0,0,0,0,0,0,0,0,0,0,1,1,,,,,p2p,p2n,n2p,p2n,n2p,Life.Empty,Life.Empty,Life.Empty,Life.BearStart,Life.Bull,,
2019-06-24,0.29203,,,,,0.1877,0.15487,0.13395,0.1221,0.23178,0.18553,0.04625,0.03128,0.01497,,,,,,,,,,,,,,,,,,,0.0,0.0,,,,,,,,,,,,100.0,100.0,,,0.3277,0.5375,0.656,0.3283,0.2098,0.1185,1,1,1,,0.15,,,,,,,0,0,0,0,0,0,1999-01-01,1999-01-01,1999-01-01,1999-01-01,1999-01-01,1999-01-01,,,,,,0.0,0,0,0.0,0,0,1999-01-01,1999-01-01,1999-01-01,1999-01-01,1999-01-01,1999-01-01,40000,40000,92000,0.0,-60.0,43.33,0.0,0.0,0.0,100.0,100.0,100.0,0.0,0.0,0.0,100.0,100.0,100.0,0,0,0,100.0,100,100,0,0,0,100.0,100,100,0.0,0.0,0.0,100.0,100.0,100.0,1999-01-01,1999-01-01,1999-01-01,1999-01-01,1999-01-01,1999-01-01,0,0,0,0,0,0,1999-01-01,1999-01-01,1999-01-01,1999-01-01,1999-01-01,1999-01-01,1999-01-01,1999-01-01,1999-01-01,1999-01-01,1999-01-01,1999-01-01,1999-01-01,1999-01-01,1999-01-01,1999-01-01,1999-01-01,1999-01-01,0,0,0,0,0,0,0,0,0,0,0,0,0,0,0,0,0,0,0,0,0,0,0,0,1,1,92000.0,,,,p2n,n2p,p2n,n2p,n2p,Life.Empty,Life.Empty,Life.Empty,Life.BearStart,Life.Bull,,
2019-06-25,0.30157,,,,,0.19617,0.16048,0.1372,0.12385,0.24195,0.19385,0.0481,0.03465,0.01345,,,,,,,,,,,,,,,,,,,0.0,0.0,,,,,,,,100.0,,,,100.0,100.0,,,0.3663,0.5897,0.7232,0.3569,0.2234,0.1335,1,1,1,,0.15,,,,,,,0,0,0,0,0,0,1999-01-01,1999-01-01,1999-01-01,1999-01-01,1999-01-01,1999-01-01,,,,,,0.0,0,0,0.0,0,0,1999-01-01,1999-01-01,1999-01-01,1999-01-01,1999-01-01,1999-01-01,40000,92000,100000,-60.0,43.33,34.88,0.0,0.0,0.0,100.0,100.0,100.0,0.0,0.0,0.0,100.0,100.0,100.0,0,0,0,100.0,100,100,0,0,0,100.0,100,100,0.0,0.0,0.0,100.0,100.0,100.0,1999-01-01,1999-01-01,1999-01-01,1999-01-01,1999-01-01,1999-01-01,0,0,0,0,0,0,1999-01-01,1999-01-01,1999-01-01,1999-01-01,1999-01-01,1999-01-01,1999-01-01,1999-01-01,1999-01-01,1999-01-01,1999-01-01,1999-01-01,1999-01-01,1999-01-01,1999-01-01,1999-01-01,1999-01-01,1999-01-01,0,0,0,0,0,0,0,0,0,0,0,0,0,0,0,0,0,0,0,0,0,0,0,0,1,1,,,,,p2n,n2p,p2n,n2p,n2p,Life.Empty,Life.Empty,Life.Empty,Life.BearStart,Life.Bull,,
2019-06-26,0.31053,,,,0.313,0.20514,0.16645,0.14067,0.12573,0.25285,0.20266,0.05019,0.03776,0.01243,,,,,,,,,,,,,,,,,,,0.0149,0.0,0.01454,0.0,,,,,,100.0,,,,100.0,100.0,,,0.4072,0.6447,0.7941,0.3869,0.2375,0.1494,1,1,1,,0.15,,,,,,,0,0,0,0,0,0,1999-01-01,1999-01-01,1999-01-01,1999-01-01,1999-01-01,1999-01-01,,,,,,0.313,0,0,0.0,0,0,2019-06-26,1999-01-01,1999-01-01,1999-01-01,1999-01-01,1999-01-01,92000,100000,60000,43.33,34.88,8.62,0.0,0.0,0.0,100.0,100.0,100.0,0.0,0.0,0.0,100.0,100.0,100.0,0,0,0,100.0,100,100,0,0,0,100.0,100,100,0.0,0.0,0.0,100.0,100.0,100.0,1999-01-01,1999-01-01,1999-01-01,1999-01-01,1999-01-01,1999-01-01,0,0,0,0,0,0,1999-01-01,1999-01-01,1999-01-01,1999-01-01,1999-01-01,1999-01-01,1999-01-01,1999-01-01,1999-01-01,1999-01-01,1999-01-01,1999-01-01,1999-01-01,1999-01-01,1999-01-01,1999-01-01,1999-01-01,1999-01-01,0,0,0,0,0,1,0,0,0,0,0,0,0,0,0,0,0,0,0,0,0,0,0,0,1,1,,,,,p2n,n2p,p2n,n2p,n2p,Life.Empty,Life.Empty,Life.Empty,Life.BearStart,Life.Bull,,
2019-06-28,0.31919,,,0.309,,0.21315,0.17205,0.14401,0.12756,0.26152,0.21055,0.05097,0.0404,0.01057,,,,,,,,,,,,,,,,,,,-0.0,-0.0036,0.01383,-0.00026,53.77778,98.17444,,,,97.8022,99.2674,97.802,,91.94631,97.31544,,,0.4449,0.6914,0.8559,0.411,0.2465,0.1645,1,1,1,,0.15,,,,,,,0,0,0,0,0,0,1999-01-01,1999-01-01,1999-01-01,1999-01-01,1999-01-01,1999-01-01,,,,,,0.313,0,0,0.309,0,0,2019-06-26,1999-01-01,1999-01-01,2019-06-28,1999-01-01,1999-01-01,100000,60000,100000,34.88,8.62,3.17,0.0,0.0,0.0,100.0,100.0,100.0,0.0,0.0,0.0,100.0,100.0,100.0,0,0,0,100.0,100,100,0,0,0,97.802,100,100,0.0,0.0,0.0,100.0,100.0,100.0,1999-01-01,1999-01-01,1999-01-01,1999-01-01,1999-01-01,1999-01-01,0,0,0,0,0,0,1999-01-01,1999-01-01,1999-01-01,1999-01-01,1999-01-01,1999-01-01,1999-01-01,1999-01-01,1999-01-01,2019-06-28,1999-01-01,1999-01-01,1999-01-01,1999-01-01,1999-01-01,1999-01-01,1999-01-01,1999-01-01,0,0,0,0,0,1,0,1,0,0,0,0,0,0,0,0,0,0,1,0,0,0,0,0,1,1,,,,,p2n,n2p,p2n,n2p,n2p,Life.Empty,Life.Empty,Life.Empty,Life.BearStart,Life.Bull,,
2019-07-01,0.32805,,,,,0.22208,0.17821,0.14768,0.12956,0.27193,0.21934,0.05259,0.04284,0.00975,,,,,,,,,,,,,,,,,,,0.02,0.0,0.01313,-0.00026,51.05556,98.07898,,,,100.0,99.2674,,,91.94631,94.63087,,,0.4865,0.744,0.9252,0.4387,0.2575,0.1812,1,1,1,,0.15,,,,,,,0,0,0,0,0,0,1999-01-01,1999-01-01,1999-01-01,1999-01-01,1999-01-01,1999-01-01,,,,,,0.313,0,0,0.309,0,0,2019-06-26,1999-01-01,1999-01-01,2019-06-28,1999-01-01,1999-01-01,60000,100000,2000,8.62,3.17,-37.69,0.0,0.0,0.0,100.0,100.0,100.0,0.0,0.0,0.0,100.0,100.0,100.0,0,0,0,100.0,100,100,0,0,0,97.802,100,100,0.0,0.0,0.0,100.0,100.0,100.0,1999-01-01,1999-01-01,1999-01-01,1999-01-01,1999-01-01,1999-01-01,0,0,0,0,0,0,1999-01-01,1999-01-01,1999-01-01,1999-01-01,1999-01-01,1999-01-01,1999-01-01,1999-01-01,1999-01-01,2019-06-28,1999-01-01,1999-01-01,1999-01-01,1999-01-01,1999-01-01,1999-01-01,1999-01-01,1999-01-01,0,0,0,0,0,1,0,1,0,0,0,0,0,0,0,0,0,0,1,0,0,0,0,0,1,1,,,2000.0,,n2p,p2n,n2p,n2p,p2n,Life.Empty,Life.Empty,Life.Empty,Life.BearStart,Life.Bull,,
2019-07-03,0.33754,,,,,0.23032,0.18413,0.15127,0.13155,0.28074,0.22748,0.05326,0.04492,0.00834,,,,,,,,,,,,,,,,,,,0.0,0.0,0.01242,-0.00026,48.30556,97.97183,,,,100.0,99.2674,,,91.94631,91.94631,91.946,,0.5258,0.7905,0.9877,0.4619,0.2647,0.1972,1,1,1,,0.15,,,,,,,0,0,0,0,0,0,1999-01-01,1999-01-01,1999-01-01,1999-01-01,1999-01-01,1999-01-01,,,,,,0.313,0,0,0.309,0,0,2019-06-26,1999-01-01,1999-01-01,2019-06-28,1999-01-01,1999-01-01,100000,2000,138000,3.17,-37.69,48.15,0.0,0.0,0.0,100.0,100.0,100.0,0.0,0.0,0.0,100.0,100.0,100.0,0,0,0,91.946,100,100,0,0,0,97.802,100,100,0.0,0.0,0.0,100.0,100.0,100.0,1999-01-01,1999-01-01,1999-01-01,1999-01-01,1999-01-01,1999-01-01,0,0,0,0,0,0,1999-01-01,1999-01-01,1999-01-01,2019-07-03,1999-01-01,1999-01-01,1999-01-01,1999-01-01,1999-01-01,2019-06-28,1999-01-01,1999-01-01,1999-01-01,1999-01-01,1999-01-01,1999-01-01,1999-01-01,1999-01-01,0,0,0,0,0,1,0,1,0,0,0,0,0,0,1,0,0,0,1,0,0,0,0,0,1,1,138000.0,,,,p2n,n2p,n2p,p2n,n2p,Life.Empty,Life.Empty,Life.Empty,Life.BearStart,Life.Bull,,
2019-07-05,0.34785,,,,,0.23945,0.1906,0.15519,0.13371,0.29126,0.23649,0.05477,0.04689,0.00788,,,,,,,,,,,,,,,,,,,0.0199,0.0,0.01101,-0.00026,42.80556,97.71718,97.717,,,100.0,100.0,,,100.0,94.63087,,,0.5689,0.8426,1.0574,0.4885,0.2737,0.2148,1,1,1,,0.15,,,,,,,0,0,0,0,0,0,1999-01-01,1999-01-01,1999-01-01,1999-01-01,1999-01-01,1999-01-01,,,,,,0.313,0,0,0.309,0,0,2019-06-26,1999-01-01,1999-01-01,2019-06-28,1999-01-01,1999-01-01,2000,138000,22000,-37.69,48.15,-32.5,0.0,0.0,0.0,100.0,100.0,100.0,0.0,0.0,0.0,100.0,100.0,100.0,0,0,0,91.946,100,100,0,0,0,97.802,100,100,0.0,0.0,0.0,97.717,100.0,100.0,1999-01-01,1999-01-01,1999-01-01,1999-01-01,1999-01-01,1999-01-01,0,0,0,0,0,0,1999-01-01,1999-01-01,1999-01-01,2019-07-03,1999-01-01,1999-01-01,1999-01-01,1999-01-01,1999-01-01,2019-06-28,1999-01-01,1999-01-01,1999-01-01,1999-01-01,1999-01-01,2019-07-05,1999-01-01,1999-01-01,0,0,0,0,0,1,0,1,0,0,0,0,0,0,1,0,0,0,1,0,0,0,1,0,1,1,,,22000.0,,n2p,n2p,p2n,n2p,p2n,Life.Empty,Life.Empty,Life.Empty,Life.BearStart,Life.Bull,,
2019-07-17,0.35901,,,,,0.24866,0.19721,0.15923,0.13596,0.3017,0.24557,0.05613,0.04874,0.00739,,,,,,,,,,,,,,,,,,,0.01,0.0,0.01101,-0.00026,42.83333,97.71863,,,0.00163,100.0,100.0,,,100.0,97.31544,,,0.6125,0.8943,1.127,0.5145,0.2818,0.2327,1,1,1,,0.15,,,,,,,0,0,0,0,0,0,1999-01-01,1999-01-01,1999-01-01,1999-01-01,1999-01-01,1999-01-01,,,,,,0.313,0,0,0.309,0,0,2019-06-26,1999-01-01,1999-01-01,2019-06-28,1999-01-01,1999-01-01,138000,22000,60000,48.15,-32.5,35.8,0.0,0.0,0.0,100.0,100.0,100.0,0.0,0.0,0.0,100.0,100.0,100.0,0,0,0,91.946,100,100,0,0,0,97.802,100,100,0.0,0.0,0.0,97.717,100.0,100.0,1999-01-01,1999-01-01,1999-01-01,1999-01-01,1999-01-01,1999-01-01,0,0,0,0,0,0,1999-01-01,1999-01-01,1999-01-01,2019-07-03,1999-01-01,1999-01-01,1999-01-01,1999-01-01,1999-01-01,2019-06-28,1999-01-01,1999-01-01,1999-01-01,1999-01-01,1999-01-01,2019-07-05,1999-01-01,1999-01-01,0,0,0,0,0,1,0,1,0,0,0,0,0,0,1,0,0,0,1,0,0,0,1,0,1,1,60000.0,,,,n2p,p2n,n2p,p2n,n2p,Life.Empty,Life.Empty,Life.Empty,Life.BearStart,Life.Bull,,
2019-08-09,0.37082,,,,,0.25754,0.20375,0.16329,0.13823,0.3113,0.25435,0.05695,0.05038,0.00657,,,,,,,,,,,,,,,,,,,0.005,0.0,0.01137,-0.00026,44.22222,97.7887,,97.789,0.0717,100.0,100.0,,,100.0,100.0,,,0.6552,0.9425,1.1931,0.5379,0.2873,0.2506,1,1,1,,0.15,,,,,,,0,0,0,0,0,0,1999-01-01,1999-01-01,1999-01-01,1999-01-01,1999-01-01,1999-01-01,,,,,,0.313,0,0,0.309,0,0,2019-06-26,1999-01-01,1999-01-01,2019-06-28,1999-01-01,1999-01-01,22000,60000,40000,-32.5,35.8,-44.55,0.0,0.0,0.0,100.0,100.0,100.0,0.0,0.0,0.0,100.0,100.0,100.0,0,0,0,91.946,100,100,0,0,0,97.802,100,100,97.789,0.0,0.0,97.717,100.0,100.0,1999-01-01,1999-01-01,1999-01-01,1999-01-01,1999-01-01,1999-01-01,0,0,0,0,0,0,1999-01-01,1999-01-01,1999-01-01,2019-07-03,1999-01-01,1999-01-01,1999-01-01,1999-01-01,1999-01-01,2019-06-28,1999-01-01,1999-01-01,2019-08-09,1999-01-01,1999-01-01,2019-07-05,1999-01-01,1999-01-01,0,0,0,0,0,1,0,1,0,0,0,0,0,0,1,0,0,0,1,0,0,1,1,0,1,1,,,40000.0,,p2n,n2p,p2n,n2p,p2n,Life.Empty,Life.Empty,Life.Empty,Life.BearStart,Life.Bull,,
2019-08-13,0.38289,,,,,0.2665,0.21043,0.16746,0.14057,0.32096,0.26322,0.05774,0.05185,0.00589,,,,,,,,,,,,,,,,,,,0.01,0.0,0.01102,-0.00026,42.86111,97.72008,,,-0.06892,100.0,100.0,,,100.0,100.0,,,0.6986,0.9904,1.2593,0.5607,0.2918,0.2689,1,1,1,,0.15,,,,,,,0,0,0,0,0,0,1999-01-01,1999-01-01,1999-01-01,1999-01-01,1999-01-01,1999-01-01,,,,,,0.313,0,0,0.309,0,0,2019-06-26,1999-01-01,1999-01-01,2019-06-28,1999-01-01,1999-01-01,60000,40000,10000,35.8,-44.55,-9.84,0.0,0.0,0.0,100.0,100.0,100.0,0.0,0.0,0.0,100.0,100.0,100.0,0,0,0,91.946,100,100,0,0,0,97.802,100,100,97.789,0.0,0.0,97.717,100.0,100.0,1999-01-01,1999-01-01,1999-01-01,1999-01-01,1999-01-01,1999-01-01,0,0,0,0,0,0,1999-01-01,1999-01-01,1999-01-01,2019-07-03,1999-01-01,1999-01-01,1999-01-01,1999-01-01,1999-01-01,2019-06-28,1999-01-01,1999-01-01,2019-08-09,1999-01-01,1999-01-01,2019-07-05,1999-01-01,1999-01-01,0,0,0,0,0,1,0,1,0,0,0,0,0,0,1,0,0,0,1,0,0,1,1,0,1,1,,,,,p2n,n2p,p2n,n2p,p2n,Life.Empty,Life.Empty,Life.Empty,Life.BearStart,Life.Bull,,
2019-08-14,0.3948,,,,,0.27593,0.21744,0.17185,0.14304,0.33143,0.27254,0.05889,0.05326,0.00563,,,,,,,,,,,,,,,,,,,0.0149,0.0,0.01031,-0.00026,40.08333,97.56592,97.566,,-0.22308,100.0,100.0,,,100.0,100.0,,,0.744,1.0408,1.3289,0.5849,0.2968,0.2881,1,1,1,,0.15,,,,,,,0,0,0,0,0,0,1999-01-01,1999-01-01,1999-01-01,1999-01-01,1999-01-01,1999-01-01,,,,,,0.313,0,0,0.309,0,0,2019-06-26,1999-01-01,1999-01-01,2019-06-28,1999-01-01,1999-01-01,40000,10000,20000,-44.55,-9.84,-36.36,0.0,0.0,0.0,100.0,100.0,100.0,0.0,0.0,0.0,100.0,100.0,100.0,0,0,0,91.946,100,100,0,0,0,97.802,100,100,97.789,0.0,0.0,97.566,97.717,100.0,1999-01-01,1999-01-01,1999-01-01,1999-01-01,1999-01-01,1999-01-01,0,0,0,0,0,0,1999-01-01,1999-01-01,1999-01-01,2019-07-03,1999-01-01,1999-01-01,1999-01-01,1999-01-01,1999-01-01,2019-06-28,1999-01-01,1999-01-01,2019-08-09,1999-01-01,1999-01-01,2019-08-14,2019-07-05,1999-01-01,0,0,0,0,0,1,0,1,0,0,0,0,0,0,1,0,0,0,1,0,0,1,1,0,1,1,,,,,p2n,n2p,p2n,n2p,p2n,Life.Empty,Life.Empty,Life.Empty,Life.BearStart,Life.Bull,,
2019-08-23,0.40608,,,,,0.28731,0.22553,0.17684,0.14584,0.34565,0.28375,0.0619,0.05499,0.00692,,,,,,,,,,,,,,,,,,,0.0349,0.0,0.01103,-0.00026,42.88889,97.72152,,,0.15552,100.0,100.0,,,100.0,100.0,,,0.7969,1.1047,1.4147,0.6178,0.3078,0.31,1,1,1,,0.15,,,,,,,0,0,0,0,0,0,1999-01-01,1999-01-01,1999-01-01,1999-01-01,1999-01-01,1999-01-01,,,,,,0.313,0,0,0.309,0,0,2019-06-26,1999-01-01,1999-01-01,2019-06-28,1999-01-01,1999-01-01,10000,20000,120000,-9.84,-36.36,114.28,0.0,0.0,0.0,100.0,100.0,100.0,0.0,0.0,0.0,100.0,100.0,100.0,0,0,0,91.946,100,100,0,0,0,97.802,100,100,97.789,0.0,0.0,97.566,97.717,100.0,1999-01-01,1999-01-01,1999-01-01,1999-01-01,1999-01-01,1999-01-01,0,0,0,0,0,0,1999-01-01,1999-01-01,1999-01-01,2019-07-03,1999-01-01,1999-01-01,1999-01-01,1999-01-01,1999-01-01,2019-06-28,1999-01-01,1999-01-01,2019-08-09,1999-01-01,1999-01-01,2019-08-14,2019-07-05,1999-01-01,0,0,0,0,0,1,0,1,0,0,0,0,0,0,1,0,0,0,1,0,0,1,1,0,1,1,120000.0,,,,n2p,p2n,n2p,p2n,n2p,Life.Empty,Life.Empty,Life.Empty,Life.BearStart,Life.Bull,,
2019-08-27,0.41633,,,,,0.29782,0.23331,0.18173,0.14861,0.35769,0.29413,0.06356,0.0567,0.00686,,,,,,,,,,,,,,,,,,,0.0,0.0,0.01103,-0.00026,42.88889,97.72152,,97.722,0.15552,100.0,100.0,,,100.0,100.0,,,0.847,1.1609,1.4921,0.6451,0.3139,0.3312,1,1,1,,0.15,,,,,,,0,0,0,0,0,0,1999-01-01,1999-01-01,1999-01-01,1999-01-01,1999-01-01,1999-01-01,,,,,,0.313,0,0,0.309,0,0,2019-06-26,1999-01-01,1999-01-01,2019-06-28,1999-01-01,1999-01-01,20000,120000,20000,-36.36,114.28,6.67,0.0,0.0,0.0,100.0,100.0,100.0,0.0,0.0,0.0,100.0,100.0,100.0,0,0,0,91.946,100,100,0,0,0,97.802,100,100,97.722,97.789,0.0,97.566,97.717,100.0,1999-01-01,1999-01-01,1999-01-01,1999-01-01,1999-01-01,1999-01-01,0,0,0,0,0,0,1999-01-01,1999-01-01,1999-01-01,2019-07-03,1999-01-01,1999-01-01,1999-01-01,1999-01-01,1999-01-01,2019-06-28,1999-01-01,1999-01-01,2019-08-27,2019-08-09,1999-01-01,2019-08-14,2019-07-05,1999-01-01,0,0,0,0,0,1,0,1,0,0,0,0,0,0,1,0,0,0,1,0,0,0,1,0,1,1,,,,,n2p,p2n,n2p,p2n,n2p,Life.Empty,Life.Empty,Life.Empty,Life.BearStart,Life.Bull,,
2019-08-30,0.42528,,,,,0.30867,0.24138,0.18682,0.15149,0.37018,0.30486,0.06533,0.05843,0.0069,,,,,,,,,,,,,,,,,,,0.015,0.0,0.01033,-0.00026,40.16667,97.57085,97.571,,-0.15115,100.0,100.0,,,100.0,100.0,,,0.8989,1.2185,1.5718,0.6729,0.3196,0.3533,1,1,1,,0.15,,,,,,,0,0,0,0,0,0,1999-01-01,1999-01-01,1999-01-01,1999-01-01,1999-01-01,1999-01-01,,,,,,0.313,0,0,0.309,0,0,2019-06-26,1999-01-01,1999-01-01,2019-06-28,1999-01-01,1999-01-01,120000,20000,60000,114.28,6.67,25.0,0.0,0.0,0.0,100.0,100.0,100.0,0.0,0.0,0.0,100.0,100.0,100.0,0,0,0,91.946,100,100,0,0,0,97.802,100,100,97.722,97.789,0.0,97.571,97.566,97.717,1999-01-01,1999-01-01,1999-01-01,1999-01-01,1999-01-01,1999-01-01,0,0,0,0,0,0,1999-01-01,1999-01-01,1999-01-01,2019-07-03,1999-01-01,1999-01-01,1999-01-01,1999-01-01,1999-01-01,2019-06-28,1999-01-01,1999-01-01,2019-08-27,2019-08-09,1999-01-01,2019-08-30,2019-08-14,2019-07-05,0,0,0,0,0,1,0,1,0,0,0,0,0,0,1,0,0,0,1,0,0,0,0,0,1,1,,,,,n2p,p2n,n2p,p2n,n2p,Life.Empty,Life.Empty,Life.Empty,Life.BearStart,Life.Bull,,
2019-09-04,0.43279,,,,,0.31907,0.24932,0.19191,0.1544,0.38153,0.31515,0.06637,0.06002,0.00635,,,,,,,,,,,,,,,,,,,0.005,0.0,0.01069,-0.00026,41.55556,97.65013,,,0.07913,100.0,100.0,,,100.0,100.0,,,0.9492,1.2716,1.6467,0.6975,0.3224,0.3751,1,1,1,,0.15,,,,,,,0,0,0,0,0,0,1999-01-01,1999-01-01,1999-01-01,1999-01-01,1999-01-01,1999-01-01,,,,,,0.313,0,0,0.309,0,0,2019-06-26,1999-01-01,1999-01-01,2019-06-28,1999-01-01,1999-01-01,20000,60000,4000,6.67,25.0,-58.0,0.0,0.0,0.0,100.0,100.0,100.0,0.0,0.0,0.0,100.0,100.0,100.0,0,0,0,91.946,100,100,0,0,0,97.802,100,100,97.722,97.789,0.0,97.571,97.566,97.717,1999-01-01,1999-01-01,1999-01-01,1999-01-01,1999-01-01,1999-01-01,0,0,0,0,0,0,1999-01-01,1999-01-01,1999-01-01,2019-07-03,1999-01-01,1999-01-01,1999-01-01,1999-01-01,1999-01-01,2019-06-28,1999-01-01,1999-01-01,2019-08-27,2019-08-09,1999-01-01,2019-08-30,2019-08-14,2019-07-05,0,0,0,0,0,1,0,1,0,0,0,0,0,0,1,0,0,0,1,0,0,0,0,0,1,1,,,4000.0,,p2n,n2p,p2n,n2p,p2n,Life.Empty,Life.Empty,Life.Empty,Life.BearStart,Life.Bull,,
2019-10-07,0.43892,,,,,0.32867,0.25695,0.1969,0.15728,0.39112,0.32469,0.06643,0.0613,0.00513,,,,,,,,,,,,,,,,,,,0.0,0.0,0.01069,-0.00026,41.55556,97.65013,,97.65,0.07913,100.0,100.0,,,100.0,100.0,,,0.9967,1.3177,1.7139,0.7172,0.321,0.3962,1,1,1,,0.15,,,,,,,0,0,0,0,0,0,1999-01-01,1999-01-01,1999-01-01,1999-01-01,1999-01-01,1999-01-01,,,,,,0.313,0,0,0.309,0,0,2019-06-26,1999-01-01,1999-01-01,2019-06-28,1999-01-01,1999-01-01,60000,4000,20000,25.0,-58.0,0.0,0.0,0.0,0.0,100.0,100.0,100.0,0.0,0.0,0.0,100.0,100.0,100.0,0,0,0,91.946,100,100,0,0,0,97.802,100,100,97.65,97.722,97.789,97.571,97.566,97.717,1999-01-01,1999-01-01,1999-01-01,1999-01-01,1999-01-01,1999-01-01,0,0,0,0,0,0,1999-01-01,1999-01-01,1999-01-01,2019-07-03,1999-01-01,1999-01-01,1999-01-01,1999-01-01,1999-01-01,2019-06-28,1999-01-01,1999-01-01,2019-10-07,2019-08-27,2019-08-09,2019-08-30,2019-08-14,2019-07-05,0,0,0,0,0,1,0,1,0,0,0,0,0,0,1,0,0,0,1,0,1,0,0,0,1,1,,,,,p2n,n2p,p2n,n2p,p2n,Life.Empty,Life.Empty,Life.Empty,Life.BearStart,Life.Bull,,
2019-10-11,0.44378,,,,,0.33773,0.26438,0.20184,0.16016,0.39963,0.33371,0.06592,0.06222,0.0037,,0.066,,,,,,,,,,,,,,,,,0.0025,0.0,0.0098,-0.00026,38.11111,97.44318,,,-0.20682,100.0,100.0,,,100.0,100.0,,,1.0422,1.3589,1.7757,0.7335,0.3167,0.4168,1,1,1,,0.15,,,,,,,0,0,0,0,0,0,1999-01-01,1999-01-01,1999-01-01,1999-01-01,1999-01-01,1999-01-01,,,,,,0.313,0,0,0.309,0,0,2019-06-26,1999-01-01,1999-01-01,2019-06-28,1999-01-01,1999-01-01,4000,20000,20000,-58.0,0.0,-47.62,0.066,0.0,0.0,100.0,100.0,100.0,0.06222,0.0,0.0,100.0,100.0,100.0,0,0,0,91.946,100,100,0,0,0,97.802,100,100,97.65,97.722,97.789,97.571,97.566,97.717,2019-10-11,1999-01-01,1999-01-01,1999-01-01,1999-01-01,1999-01-01,7588,0,0,0,0,0,1999-01-01,1999-01-01,1999-01-01,2019-07-03,1999-01-01,1999-01-01,1999-01-01,1999-01-01,1999-01-01,2019-06-28,1999-01-01,1999-01-01,2019-10-07,2019-08-27,2019-08-09,2019-08-30,2019-08-14,2019-07-05,0,0,0,0,0,1,0,1,0,1,0,0,0,0,1,0,0,0,1,0,1,0,0,0,1,1,,,,,p2n,n2p,p2n,n2p,p2n,Life.Empty,Life.Empty,Life.Empty,Life.BearStart,Life.Bull,,
2019-10-21,0.44774,,,,,0.34609,0.27152,0.20669,0.16301,0.40682,0.34205,0.06477,0.06273,0.00204,,,,,,,,,,,,,,,,,,,0.0,0.0,0.0098,0.0,,,,,,100.0,100.0,,,100.0,100.0,,,1.0851,1.394,1.8308,0.7457,0.3089,0.4368,1,1,1,,0.15,,,,,,,0,0,0,0,0,0,1999-01-01,1999-01-01,1999-01-01,1999-01-01,1999-01-01,1999-01-01,,,,,,0.313,0,0,0.309,0,0,2019-06-26,1999-01-01,1999-01-01,2019-06-28,1999-01-01,1999-01-01,20000,20000,10000,0.0,-47.62,13.64,0.066,0.0,0.0,100.0,100.0,100.0,0.06222,0.0,0.0,100.0,100.0,100.0,0,0,0,91.946,100,100,0,0,0,97.802,100,100,97.65,97.722,97.789,97.571,97.566,97.717,2019-10-11,1999-01-01,1999-01-01,1999-01-01,1999-01-01,1999-01-01,7588,0,0,0,0,0,1999-01-01,1999-01-01,1999-01-01,2019-07-03,1999-01-01,1999-01-01,1999-01-01,1999-01-01,1999-01-01,2019-06-28,1999-01-01,1999-01-01,2019-10-07,2019-08-27,2019-08-09,2019-08-30,2019-08-14,2019-07-05,0,0,0,0,0,1,0,1,0,1,0,0,0,0,1,0,0,0,1,0,1,0,0,0,1,1,10000.0,,,,n2p,p2n,n2p,p2n,n2p,Life.Empty,Life.Empty,Life.Empty,Life.BearStart,Life.Bull,,
2019-10-23,0.4513,,,,,0.354,0.27847,0.21148,0.16585,0.4133,0.34997,0.06333,0.06285,0.00048,,,,,,,,,,,,,,,,,,,0.0025,0.0,0.00855,0.0,,,,,,100.0,100.0,,,100.0,100.0,,,1.1262,1.4252,1.8815,0.7553,0.299,0.4563,1,1,1,,0.15,,,,,,,0,0,0,0,0,0,1999-01-01,1999-01-01,1999-01-01,1999-01-01,1999-01-01,1999-01-01,,,,,,0.313,0,0,0.309,0,0,2019-06-26,1999-01-01,1999-01-01,2019-06-28,1999-01-01,1999-01-01,20000,10000,30000,-47.62,13.64,20.0,0.066,0.0,0.0,100.0,100.0,100.0,0.06222,0.0,0.0,100.0,100.0,100.0,0,0,0,91.946,100,100,0,0,0,97.802,100,100,97.65,97.722,97.789,97.571,97.566,97.717,2019-10-11,1999-01-01,1999-01-01,1999-01-01,1999-01-01,1999-01-01,7588,0,0,0,0,0,1999-01-01,1999-01-01,1999-01-01,2019-07-03,1999-01-01,1999-01-01,1999-01-01,1999-01-01,1999-01-01,2019-06-28,1999-01-01,1999-01-01,2019-10-07,2019-08-27,2019-08-09,2019-08-30,2019-08-14,2019-07-05,0,0,0,0,0,1,0,1,0,1,0,0,0,0,1,0,0,0,1,0,1,0,0,0,1,1,,,,,n2p,p2n,n2p,p2n,n2p,Life.Empty,Life.Empty,Life.Empty,Life.BearStart,Life.Bull,,
2019-10-25,0.45499,,,,,0.3613,0.28516,0.21618,0.16867,0.41877,0.3573,0.06148,0.06258,-0.0011,,,,,,,,,,,,,,,,,,,0.0,0.0,0.00855,0.0,,,,,,100.0,100.0,,,100.0,100.0,,,1.1649,1.4512,1.9263,0.7614,0.2863,0.4751,1,1,1,,0.15,,,,,,,0,0,0,0,0,0,1999-01-01,1999-01-01,1999-01-01,1999-01-01,1999-01-01,1999-01-01,,,,,,0.313,0,0,0.309,0,0,2019-06-26,1999-01-01,1999-01-01,2019-06-28,1999-01-01,1999-01-01,10000,30000,280000,13.64,20.0,433.33,0.066,0.0,0.0,100.0,100.0,100.0,0.06222,0.0,0.0,100.0,100.0,100.0,0,0,0,91.946,100,100,0,0,0,97.802,100,100,97.65,97.722,97.789,97.571,97.566,97.717,2019-10-11,1999-01-01,1999-01-01,1999-01-01,1999-01-01,1999-01-01,7588,0,0,0,0,0,1999-01-01,1999-01-01,1999-01-01,2019-07-03,1999-01-01,1999-01-01,1999-01-01,1999-01-01,1999-01-01,2019-06-28,1999-01-01,1999-01-01,2019-10-07,2019-08-27,2019-08-09,2019-08-30,2019-08-14,2019-07-05,0,0,0,0,0,1,0,1,0,1,0,0,0,0,1,0,0,0,1,0,1,0,0,0,1,1,,280000.0,,,p2n,n2p,p2n,n2p,p2p,Life.Empty,Life.Empty,Life.Empty,Life.BearStart,Life.Bull,,
2019-10-30,0.45918,,,,,0.3688,0.29197,0.22099,0.17156,0.42495,0.36482,0.06012,0.06209,-0.00196,,,,,,,,,,,,,,,,,,,0.01,0.0,0.00784,0.0,,,,,,100.0,100.0,,,100.0,100.0,,,1.2041,1.4781,1.9724,0.7683,0.274,0.4943,1,1,1,,0.15,,,,,,,0,0,0,0,0,0,1999-01-01,1999-01-01,1999-01-01,1999-01-01,1999-01-01,1999-01-01,,,,,,0.313,0,0,0.309,0,0,2019-06-26,1999-01-01,1999-01-01,2019-06-28,1999-01-01,1999-01-01,30000,280000,20000,20.0,433.33,3.12,0.066,0.0,0.0,100.0,100.0,100.0,0.06222,0.0,0.0,100.0,100.0,100.0,0,0,0,91.946,100,100,0,0,0,97.802,100,100,97.65,97.722,97.789,97.571,97.566,97.717,2019-10-11,1999-01-01,1999-01-01,1999-01-01,1999-01-01,1999-01-01,7588,0,0,0,0,0,1999-01-01,1999-01-01,1999-01-01,2019-07-03,1999-01-01,1999-01-01,1999-01-01,1999-01-01,1999-01-01,2019-06-28,1999-01-01,1999-01-01,2019-10-07,2019-08-27,2019-08-09,2019-08-30,2019-08-14,2019-07-05,0,0,0,0,0,1,0,1,0,1,0,0,0,0,1,0,0,0,1,0,1,0,0,0,1,1,,,,,p2n,n2p,p2n,n2p,p2p,Life.Empty,Life.Empty,Life.Empty,Life.BearStart,Life.Bull,,
2019-10-31,0.4641,,,,,0.37593,0.29861,0.22575,0.17444,0.43055,0.37198,0.05858,0.06138,-0.00281,,,,,,,,,,,,,,,,,,,0.0025,0.0,0.00731,0.0,,,,,,100.0,100.0,,,100.0,100.0,,,1.2417,1.5018,2.0149,0.7732,0.2601,0.5131,1,1,1,,0.15,,,,,,,0,0,0,0,0,0,1999-01-01,1999-01-01,1999-01-01,1999-01-01,1999-01-01,1999-01-01,,,,,,0.313,0,0,0.309,0,0,2019-06-26,1999-01-01,1999-01-01,2019-06-28,1999-01-01,1999-01-01,280000,20000,20000,433.33,3.12,-3.03,0.066,0.0,0.0,100.0,100.0,100.0,0.06222,0.0,0.0,100.0,100.0,100.0,0,0,0,91.946,100,100,0,0,0,97.802,100,100,97.65,97.722,97.789,97.571,97.566,97.717,2019-10-11,1999-01-01,1999-01-01,1999-01-01,1999-01-01,1999-01-01,7588,0,0,0,0,0,1999-01-01,1999-01-01,1999-01-01,2019-07-03,1999-01-01,1999-01-01,1999-01-01,1999-01-01,1999-01-01,2019-06-28,1999-01-01,1999-01-01,2019-10-07,2019-08-27,2019-08-09,2019-08-30,2019-08-14,2019-07-05,0,0,0,0,0,1,0,1,0,1,0,0,0,0,1,0,0,0,1,0,1,0,0,0,1,1,,,,,p2n,n2p,p2n,n2p,p2p,Life.Empty,Life.Empty,Life.Empty,Life.BearStart,Life.Bull,,
2019-11-01,0.46998,,,,,0.38269,0.30509,0.23046,0.17732,0.43567,0.37878,0.05689,0.06049,-0.00359,,,,,,,,,,,,,,,,,,,0.0024,0.0,0.00712,0.0,,,,,,100.0,100.0,,,100.0,100.0,,,1.2777,1.5223,2.0537,0.776,0.2446,0.5314,1,1,1,,0.15,,,,,,,0,0,0,0,0,0,1999-01-01,1999-01-01,1999-01-01,1999-01-01,1999-01-01,1999-01-01,,,,,,0.313,0,0,0.309,0,0,2019-06-26,1999-01-01,1999-01-01,2019-06-28,1999-01-01,1999-01-01,20000,20000,20000,3.12,-3.03,-81.25,0.066,0.0,0.0,100.0,100.0,100.0,0.06222,0.0,0.0,100.0,100.0,100.0,0,0,0,91.946,100,100,0,0,0,97.802,100,100,97.65,97.722,97.789,97.571,97.566,97.717,2019-10-11,1999-01-01,1999-01-01,1999-01-01,1999-01-01,1999-01-01,7588,0,0,0,0,0,1999-01-01,1999-01-01,1999-01-01,2019-07-03,1999-01-01,1999-01-01,1999-01-01,1999-01-01,1999-01-01,2019-06-28,1999-01-01,1999-01-01,2019-10-07,2019-08-27,2019-08-09,2019-08-30,2019-08-14,2019-07-05,0,0,0,0,0,1,0,1,0,1,0,0,0,0,1,0,0,0,1,0,1,0,0,0,1,1,,,,20000.0,n2p,p2n,n2p,p2p,n2n,Life.Empty,Life.Empty,Life.Empty,Life.BearStart,Life.Bull,,
2019-11-07,0.47692,,,,,0.38931,0.31151,0.23518,0.18022,0.44077,0.38545,0.05532,0.05945,-0.00413,,,,,,,,,,,,,,,,,,,0.005,0.0,0.00676,0.0,,,,,,100.0,100.0,,,100.0,100.0,,,1.3129,1.5413,2.0909,0.778,0.2284,0.5496,1,1,1,,0.15,,,,,,,0,0,0,0,0,0,1999-01-01,1999-01-01,1999-01-01,1999-01-01,1999-01-01,1999-01-01,,,,,,0.313,0,0,0.309,0,0,2019-06-26,1999-01-01,1999-01-01,2019-06-28,1999-01-01,1999-01-01,20000,20000,80000,-3.03,-81.25,100.0,0.066,0.0,0.0,100.0,100.0,100.0,0.06222,0.0,0.0,100.0,100.0,100.0,0,0,0,91.946,100,100,0,0,0,97.802,100,100,97.65,97.722,97.789,97.571,97.566,97.717,2019-10-11,1999-01-01,1999-01-01,1999-01-01,1999-01-01,1999-01-01,7588,0,0,0,0,0,1999-01-01,1999-01-01,1999-01-01,2019-07-03,1999-01-01,1999-01-01,1999-01-01,1999-01-01,1999-01-01,2019-06-28,1999-01-01,1999-01-01,2019-10-07,2019-08-27,2019-08-09,2019-08-30,2019-08-14,2019-07-05,0,0,0,0,0,1,0,1,0,1,0,0,0,0,1,0,0,0,1,0,1,0,0,0,1,1,80000.0,,,,p2n,n2p,p2p,n2n,n2p,Life.Empty,Life.Empty,Life.Empty,Life.BearStart,Life.Bull,,
2019-11-13,0.48493,,,,,0.39658,0.31827,0.24011,0.18324,0.44739,0.39273,0.05465,0.05849,-0.00384,,,,,,,,,,,,,,,,,,,0.015,0.0,0.00677,0.0,,,,,,100.0,100.0,,,100.0,100.0,,,1.3503,1.5647,2.1334,0.7831,0.2144,0.5687,1,1,1,,0.15,,,,,,,0,0,0,0,0,0,1999-01-01,1999-01-01,1999-01-01,1999-01-01,1999-01-01,1999-01-01,,,,,,0.313,0,0,0.309,0,0,2019-06-26,1999-01-01,1999-01-01,2019-06-28,1999-01-01,1999-01-01,20000,80000,20000,-81.25,100.0,0.0,0.066,0.0,0.0,100.0,100.0,100.0,0.06222,0.0,0.0,100.0,100.0,100.0,0,0,0,91.946,100,100,0,0,0,97.802,100,100,97.65,97.722,97.789,97.571,97.566,97.717,2019-10-11,1999-01-01,1999-01-01,1999-01-01,1999-01-01,1999-01-01,7588,0,0,0,0,0,1999-01-01,1999-01-01,1999-01-01,2019-07-03,1999-01-01,1999-01-01,1999-01-01,1999-01-01,1999-01-01,2019-06-28,1999-01-01,1999-01-01,2019-10-07,2019-08-27,2019-08-09,2019-08-30,2019-08-14,2019-07-05,0,0,0,0,0,1,0,1,0,1,0,0,0,0,1,0,0,0,1,0,1,0,0,0,1,1,,,,,p2n,n2p,p2p,n2n,n2p,Life.Empty,Life.Empty,Life.Empty,Life.BearStart,Life.Bull,,
2019-11-18,0.49395,,,,,0.40367,0.32496,0.24503,0.18628,0.45376,0.39985,0.05391,0.05758,-0.00367,,,,,,,,,,,,,,,,,,,0.005,0.0,0.00464,0.0,,,,,,100.0,100.0,,,100.0,100.0,,,1.3868,1.5864,2.1739,0.7871,0.1996,0.5875,1,1,1,,0.15,,,,,,,0,0,0,0,0,0,1999-01-01,1999-01-01,1999-01-01,1999-01-01,1999-01-01,1999-01-01,,,,,,0.313,0,0,0.309,0,0,2019-06-26,1999-01-01,1999-01-01,2019-06-28,1999-01-01,1999-01-01,80000,20000,20000,100.0,0.0,0.0,0.066,0.0,0.0,100.0,100.0,100.0,0.06222,0.0,0.0,100.0,100.0,100.0,0,0,0,91.946,100,100,0,0,0,97.802,100,100,97.65,97.722,97.789,97.571,97.566,97.717,2019-10-11,1999-01-01,1999-01-01,1999-01-01,1999-01-01,1999-01-01,7588,0,0,0,0,0,1999-01-01,1999-01-01,1999-01-01,2019-07-03,1999-01-01,1999-01-01,1999-01-01,1999-01-01,1999-01-01,2019-06-28,1999-01-01,1999-01-01,2019-10-07,2019-08-27,2019-08-09,2019-08-30,2019-08-14,2019-07-05,0,0,0,0,0,1,0,1,0,1,0,0,0,0,1,0,0,0,1,0,1,0,0,0,1,1,,,,,p2n,n2p,p2p,n2n,n2p,Life.Empty,Life.Empty,Life.Empty,Life.BearStart,Life.Bull,,
2019-11-22,0.5038,,,,,0.41099,0.33177,0.25006,0.18939,0.46069,0.40718,0.05351,0.05676,-0.00325,,,,,,,,,,,,,,,,,,,0.01,0.0,0.00535,0.0,,,,,,100.0,100.0,,,100.0,100.0,,,1.4238,1.6093,2.216,0.7922,0.1855,0.6067,1,1,1,,0.15,,,,,,,0,0,0,0,0,0,1999-01-01,1999-01-01,1999-01-01,1999-01-01,1999-01-01,1999-01-01,,,,,,0.313,0,0,0.309,0,0,2019-06-26,1999-01-01,1999-01-01,2019-06-28,1999-01-01,1999-01-01,20000,20000,20000,0.0,0.0,-50.0,0.066,0.0,0.0,100.0,100.0,100.0,0.06222,0.0,0.0,100.0,100.0,100.0,0,0,0,91.946,100,100,0,0,0,97.802,100,100,97.65,97.722,97.789,97.571,97.566,97.717,2019-10-11,1999-01-01,1999-01-01,1999-01-01,1999-01-01,1999-01-01,7588,0,0,0,0,0,1999-01-01,1999-01-01,1999-01-01,2019-07-03,1999-01-01,1999-01-01,1999-01-01,1999-01-01,1999-01-01,2019-06-28,1999-01-01,1999-01-01,2019-10-07,2019-08-27,2019-08-09,2019-08-30,2019-08-14,2019-07-05,0,0,0,0,0,1,0,1,0,1,0,0,0,0,1,0,0,0,1,0,1,0,0,0,1,1,,,,,p2n,n2p,p2p,n2n,n2p,Life.Empty,Life.Empty,Life.Empty,Life.BearStart,Life.Bull,,
2019-11-27,0.51433,,,,,0.41851,0.33871,0.25518,0.19257,0.46807,0.4147,0.05338,0.05609,-0.00271,0.053,,,,,,,,,,,,,,,,,,0.0099,0.0,0.00499,0.0,,,,,,100.0,100.0,,,100.0,100.0,,,1.4614,1.6333,2.2594,0.798,0.1719,0.6261,1,1,1,,0.15,,,,,,,0,0,0,0,0,0,1999-01-01,1999-01-01,1999-01-01,1999-01-01,1999-01-01,1999-01-01,,,,,,0.313,0,0,0.309,0,0,2019-06-26,1999-01-01,1999-01-01,2019-06-28,1999-01-01,1999-01-01,20000,20000,40000,0.0,-50.0,33.33,0.066,0.0,0.0,0.053,100.0,100.0,0.06222,0.0,0.0,0.05609,100.0,100.0,0,0,0,91.946,100,100,0,0,0,97.802,100,100,97.65,97.722,97.789,97.571,97.566,97.717,2019-10-11,1999-01-01,1999-01-01,2019-11-27,1999-01-01,1999-01-01,7588,0,0,7635,0,0,1999-01-01,1999-01-01,1999-01-01,2019-07-03,1999-01-01,1999-01-01,1999-01-01,1999-01-01,1999-01-01,2019-06-28,1999-01-01,1999-01-01,2019-10-07,2019-08-27,2019-08-09,2019-08-30,2019-08-14,2019-07-05,0,0,0,0,0,1,0,1,0,1,1,0,0,0,1,0,0,0,1,0,1,0,0,0,1,1,40000.0,,,,n2p,p2p,n2n,n2p,n2p,Life.Empty,Life.Empty,Life.Empty,Life.BearStart,Life.Bull,,
2019-11-28,0.52535,,,,,0.4266,0.34597,0.2605,0.19586,0.47663,0.42277,0.05386,0.05564,-0.00178,,,,,,,,,,,,,,,,,,,0.015,0.0,0.0057,0.0,,,,,,100.0,100.0,,,100.0,100.0,,,1.5011,1.661,2.3074,0.8063,0.1599,0.6464,1,1,1,,0.15,,,,,,,0,0,0,0,0,0,1999-01-01,1999-01-01,1999-01-01,1999-01-01,1999-01-01,1999-01-01,,,,,,0.313,0,0,0.309,0,0,2019-06-26,1999-01-01,1999-01-01,2019-06-28,1999-01-01,1999-01-01,20000,40000,100000,-50.0,33.33,100.0,0.066,0.0,0.0,0.053,100.0,100.0,0.06222,0.0,0.0,0.05609,100.0,100.0,0,0,0,91.946,100,100,0,0,0,97.802,100,100,97.65,97.722,97.789,97.571,97.566,97.717,2019-10-11,1999-01-01,1999-01-01,2019-11-27,1999-01-01,1999-01-01,7588,0,0,7635,0,0,1999-01-01,1999-01-01,1999-01-01,2019-07-03,1999-01-01,1999-01-01,1999-01-01,1999-01-01,1999-01-01,2019-06-28,1999-01-01,1999-01-01,2019-10-07,2019-08-27,2019-08-09,2019-08-30,2019-08-14,2019-07-05,0,0,0,0,0,1,0,1,0,1,1,0,0,0,1,0,0,0,1,0,1,0,0,0,1,1,,100000.0,,,p2p,n2n,n2p,n2p,p2p,Life.Empty,Life.Empty,Life.Empty,Life.BearStart,Life.Bull,,
2019-12-09,0.53659,,,,,0.4356,0.35372,0.2661,0.19932,0.48693,0.43172,0.05521,0.05555,-0.00034,,,,,,,,,,,,,,,,,,,0.0199,0.0,0.00712,0.0,,,,,,100.0,100.0,,,100.0,100.0,,,1.544,1.695,2.3628,0.8188,0.151,0.6678,1,1,1,,0.15,,,,,,,0,0,0,0,0,0,1999-01-01,1999-01-01,1999-01-01,1999-01-01,1999-01-01,1999-01-01,,,,,,0.313,0,0,0.309,0,0,2019-06-26,1999-01-01,1999-01-01,2019-06-28,1999-01-01,1999-01-01,40000,100000,166000,33.33,100.0,91.25,0.066,0.0,0.0,0.053,100.0,100.0,0.06222,0.0,0.0,0.05609,100.0,100.0,0,0,0,91.946,100,100,0,0,0,97.802,100,100,97.65,97.722,97.789,97.571,97.566,97.717,2019-10-11,1999-01-01,1999-01-01,2019-11-27,1999-01-01,1999-01-01,7588,0,0,7635,0,0,1999-01-01,1999-01-01,1999-01-01,2019-07-03,1999-01-01,1999-01-01,1999-01-01,1999-01-01,1999-01-01,2019-06-28,1999-01-01,1999-01-01,2019-10-07,2019-08-27,2019-08-09,2019-08-30,2019-08-14,2019-07-05,0,0,0,0,0,1,0,1,0,1,1,0,0,0,1,0,0,0,1,0,1,0,0,0,1,1,,,,,p2p,n2n,n2p,n2p,p2p,Life.Empty,Life.Empty,Life.Empty,Life.BearStart,Life.Bull,,
2019-12-10,0.54768,,,,,0.44429,0.36136,0.2717,0.2028,0.49642,0.44038,0.05604,0.05565,0.00039,,,,,,,,,,,,,,,,,,,0.005,0.0,0.0073,0.0,,,,,,100.0,100.0,,,100.0,100.0,,,1.5856,1.7259,2.4149,0.8293,0.1403,0.689,1,1,1,,0.15,,,,,,,0,0,0,0,0,0,1999-01-01,1999-01-01,1999-01-01,1999-01-01,1999-01-01,1999-01-01,,,,,,0.313,0,0,0.309,0,0,2019-06-26,1999-01-01,1999-01-01,2019-06-28,1999-01-01,1999-01-01,100000,166000,60000,100.0,91.25,6.54,0.066,0.0,0.0,0.053,100.0,100.0,0.06222,0.0,0.0,0.05609,100.0,100.0,0,0,0,91.946,100,100,0,0,0,97.802,100,100,97.65,97.722,97.789,97.571,97.566,97.717,2019-10-11,1999-01-01,1999-01-01,2019-11-27,1999-01-01,1999-01-01,7588,0,0,7635,0,0,1999-01-01,1999-01-01,1999-01-01,2019-07-03,1999-01-01,1999-01-01,1999-01-01,1999-01-01,1999-01-01,2019-06-28,1999-01-01,1999-01-01,2019-10-07,2019-08-27,2019-08-09,2019-08-30,2019-08-14,2019-07-05,0,0,0,0,0,1,0,1,0,1,1,0,0,0,1,0,0,0,1,0,1,0,0,0,1,1,,,,,p2p,n2n,n2p,n2p,p2p,Life.Empty,Life.Empty,Life.Empty,Life.BearStart,Life.Bull,,
2019-12-11,0.55832,,,,,0.45347,0.36929,0.27748,0.20639,0.50676,0.44951,0.05725,0.05597,0.00128,,,,,,,,,,,,,,,,,,,0.015,0.0,0.00837,0.0,,,,,,100.0,100.0,,,100.0,100.0,,,1.629,1.7599,2.4708,0.8418,0.1309,0.7109,1,1,1,,0.15,,,,,,,0,0,0,0,0,0,1999-01-01,1999-01-01,1999-01-01,1999-01-01,1999-01-01,1999-01-01,,,,,,0.313,0,0,0.309,0,0,2019-06-26,1999-01-01,1999-01-01,2019-06-28,1999-01-01,1999-01-01,166000,60000,32000,91.25,6.54,-20.86,0.066,0.0,0.0,0.053,100.0,100.0,0.06222,0.0,0.0,0.05609,100.0,100.0,0,0,0,91.946,100,100,0,0,0,97.802,100,100,97.65,97.722,97.789,97.571,97.566,97.717,2019-10-11,1999-01-01,1999-01-01,2019-11-27,1999-01-01,1999-01-01,7588,0,0,7635,0,0,1999-01-01,1999-01-01,1999-01-01,2019-07-03,1999-01-01,1999-01-01,1999-01-01,1999-01-01,1999-01-01,2019-06-28,1999-01-01,1999-01-01,2019-10-07,2019-08-27,2019-08-09,2019-08-30,2019-08-14,2019-07-05,0,0,0,0,0,1,0,1,0,1,1,0,0,0,1,0,0,0,1,0,1,0,0,0,1,1,,,,,p2p,n2n,n2p,n2p,p2p,Life.Empty,Life.Empty,Life.Empty,Life.BearStart,Life.Bull,,
2019-12-12,0.56845,,,,,0.46243,0.37716,0.28327,0.21001,0.51649,0.45843,0.05805,0.05639,0.00167,,,,,,,,,,,,,,,,,,,0.0064,0.0,0.00865,0.0,,,,,,100.0,100.0,,,100.0,100.0,,,1.6715,1.7916,2.5242,0.8527,0.1201,0.7326,1,1,1,,0.15,,,,,,,0,0,0,0,0,0,1999-01-01,1999-01-01,1999-01-01,1999-01-01,1999-01-01,1999-01-01,,,,,,0.313,0,0,0.309,0,0,2019-06-26,1999-01-01,1999-01-01,2019-06-28,1999-01-01,1999-01-01,60000,32000,20000,6.54,-20.86,-56.59,0.066,0.0,0.0,0.053,100.0,100.0,0.06222,0.0,0.0,0.05609,100.0,100.0,0,0,0,91.946,100,100,0,0,0,97.802,100,100,97.65,97.722,97.789,97.571,97.566,97.717,2019-10-11,1999-01-01,1999-01-01,2019-11-27,1999-01-01,1999-01-01,7588,0,0,7635,0,0,1999-01-01,1999-01-01,1999-01-01,2019-07-03,1999-01-01,1999-01-01,1999-01-01,1999-01-01,1999-01-01,2019-06-28,1999-01-01,1999-01-01,2019-10-07,2019-08-27,2019-08-09,2019-08-30,2019-08-14,2019-07-05,0,0,0,0,0,1,0,1,0,1,1,0,0,0,1,0,0,0,1,0,1,0,0,0,1,1,,,,,p2p,n2n,n2p,n2p,p2p,Life.Empty,Life.Empty,Life.Empty,Life.BearStart,Life.Bull,,
2019-12-13,0.57829,,,,,0.47109,0.38492,0.28905,0.21364,0.52549,0.46707,0.05842,0.05679,0.00163,,,,,,,,,,,,,,,,,,,0.005,0.0,0.00901,0.0,,,,,,100.0,100.0,,,100.0,100.0,,,1.7128,1.8204,2.5745,0.8617,0.1076,0.7541,1,1,1,,0.15,,,,,,,0,0,0,0,0,0,1999-01-01,1999-01-01,1999-01-01,1999-01-01,1999-01-01,1999-01-01,,,,,,0.313,0,0,0.309,0,0,2019-06-26,1999-01-01,1999-01-01,2019-06-28,1999-01-01,1999-01-01,32000,20000,40000,-20.86,-56.59,-17.86,0.066,0.0,0.0,0.053,100.0,100.0,0.06222,0.0,0.0,0.05609,100.0,100.0,0,0,0,91.946,100,100,0,0,0,97.802,100,100,97.65,97.722,97.789,97.571,97.566,97.717,2019-10-11,1999-01-01,1999-01-01,2019-11-27,1999-01-01,1999-01-01,7588,0,0,7635,0,0,1999-01-01,1999-01-01,1999-01-01,2019-07-03,1999-01-01,1999-01-01,1999-01-01,1999-01-01,1999-01-01,2019-06-28,1999-01-01,1999-01-01,2019-10-07,2019-08-27,2019-08-09,2019-08-30,2019-08-14,2019-07-05,0,0,0,0,0,1,0,1,0,1,1,0,0,0,1,0,0,0,1,0,1,0,0,0,1,1,,,,,p2p,n2n,n2p,n2p,p2p,Life.Empty,Life.Empty,Life.Empty,Life.BearStart,Life.Bull,,
2019-12-23,0.58814,,,,,0.48101,0.39335,0.2952,0.21748,0.53695,0.47691,0.06004,0.05744,0.00259,,,,,,,,,,,,,,,,,,,0.025,0.0,0.01008,0.0,,,,,,100.0,100.0,,,100.0,100.0,,,1.7587,1.8581,2.6353,0.8766,0.0994,0.7772,1,1,1,,0.15,,,,,,,0,0,0,0,0,0,1999-01-01,1999-01-01,1999-01-01,1999-01-01,1999-01-01,1999-01-01,,,,,,0.313,0,0,0.309,0,0,2019-06-26,1999-01-01,1999-01-01,2019-06-28,1999-01-01,1999-01-01,20000,40000,60000,-56.59,-17.86,30.43,0.066,0.0,0.0,0.053,100.0,100.0,0.06222,0.0,0.0,0.05609,100.0,100.0,0,0,0,91.946,100,100,0,0,0,97.802,100,100,97.65,97.722,97.789,97.571,97.566,97.717,2019-10-11,1999-01-01,1999-01-01,2019-11-27,1999-01-01,1999-01-01,7588,0,0,7635,0,0,1999-01-01,1999-01-01,1999-01-01,2019-07-03,1999-01-01,1999-01-01,1999-01-01,1999-01-01,1999-01-01,2019-06-28,1999-01-01,1999-01-01,2019-10-07,2019-08-27,2019-08-09,2019-08-30,2019-08-14,2019-07-05,0,0,0,0,0,1,0,1,0,1,1,0,0,0,1,0,0,0,1,0,1,0,0,0,1,1,60000.0,,,,n2n,n2p,n2p,p2p,n2p,Life.Empty,Life.Empty,Life.Empty,Life.BearStart,Life.Bull,,
2020-01-13,0.59826,,,,,0.49016,0.40146,0.30124,0.22129,0.54665,0.48603,0.06062,0.05808,0.00254,,0.061,,,,,,,,,,,,,,,,,0.0,0.0,0.0099,0.0,,,,,,100.0,100.0,,,100.0,100.0,,,1.8017,1.8892,2.6887,0.887,0.0875,0.7995,1,1,1,,0.15,,,,,,,0,0,0,0,0,0,1999-01-01,1999-01-01,1999-01-01,1999-01-01,1999-01-01,1999-01-01,,,,,,0.313,0,0,0.309,0,0,2019-06-26,1999-01-01,1999-01-01,2019-06-28,1999-01-01,1999-01-01,40000,60000,400000,-17.86,30.43,316.66,0.061,0.066,0.0,0.053,100.0,100.0,0.05808,0.06222,0.0,0.05609,100.0,100.0,0,0,0,91.946,100,100,0,0,0,97.802,100,100,97.65,97.722,97.789,97.571,97.566,97.717,2020-01-13,2019-10-11,1999-01-01,2019-11-27,1999-01-01,1999-01-01,94,7588,0,7635,0,0,1999-01-01,1999-01-01,1999-01-01,2019-07-03,1999-01-01,1999-01-01,1999-01-01,1999-01-01,1999-01-01,2019-06-28,1999-01-01,1999-01-01,2019-10-07,2019-08-27,2019-08-09,2019-08-30,2019-08-14,2019-07-05,0,0,0,0,0,1,0,1,0,0,1,0,0,0,1,0,0,0,1,0,1,0,0,0,1,1,,400000.0,,,n2p,n2p,p2p,n2p,p2p,Life.Empty,Life.Empty,Life.Empty,Life.BearStart,Life.Bull,,
2020-01-16,0.60877,,,,,0.49861,0.40924,0.30716,0.22506,0.55486,0.49447,0.06038,0.05854,0.00185,,,,,,,,,,,,,,,,,,,0.0,0.0,0.00973,0.0,,,,,,100.0,100.0,,,100.0,100.0,,,1.8418,1.9145,2.7355,0.8937,0.0727,0.821,1,1,1,,0.15,,,,,,,0,0,0,0,0,0,1999-01-01,1999-01-01,1999-01-01,1999-01-01,1999-01-01,1999-01-01,,,,,,0.313,0,0,0.309,0,0,2019-06-26,1999-01-01,1999-01-01,2019-06-28,1999-01-01,1999-01-01,60000,400000,40000,30.43,316.66,0.0,0.061,0.066,0.0,0.053,100.0,100.0,0.05808,0.06222,0.0,0.05609,100.0,100.0,0,0,0,91.946,100,100,0,0,0,97.802,100,100,97.65,97.722,97.789,97.571,97.566,97.717,2020-01-13,2019-10-11,1999-01-01,2019-11-27,1999-01-01,1999-01-01,94,7588,0,7635,0,0,1999-01-01,1999-01-01,1999-01-01,2019-07-03,1999-01-01,1999-01-01,1999-01-01,1999-01-01,1999-01-01,2019-06-28,1999-01-01,1999-01-01,2019-10-07,2019-08-27,2019-08-09,2019-08-30,2019-08-14,2019-07-05,0,0,0,0,0,1,0,1,0,0,1,0,0,0,1,0,0,0,1,0,1,0,0,0,1,1,,,,,n2p,n2p,p2p,n2p,p2p,Life.Empty,Life.Empty,Life.Empty,Life.BearStart,Life.Bull,,
2020-01-29,0.61966,,,,,0.50679,0.41692,0.31305,0.22884,0.56257,0.50266,0.05991,0.05881,0.0011,,,,,,,,,,,,,,,,,,,0.005,0.0,0.00973,0.0,,,,,,100.0,100.0,,,100.0,100.0,,,1.8808,1.9374,2.7795,0.8987,0.0566,0.8421,1,1,1,,0.15,,,,,,,0,0,0,0,0,0,1999-01-01,1999-01-01,1999-01-01,1999-01-01,1999-01-01,1999-01-01,,,,,,0.313,0,0,0.309,0,0,2019-06-26,1999-01-01,1999-01-01,2019-06-28,1999-01-01,1999-01-01,400000,40000,60000,316.66,0.0,0.0,0.061,0.066,0.0,0.053,100.0,100.0,0.05808,0.06222,0.0,0.05609,100.0,100.0,0,0,0,91.946,100,100,0,0,0,97.802,100,100,97.65,97.722,97.789,97.571,97.566,97.717,2020-01-13,2019-10-11,1999-01-01,2019-11-27,1999-01-01,1999-01-01,94,7588,0,7635,0,0,1999-01-01,1999-01-01,1999-01-01,2019-07-03,1999-01-01,1999-01-01,1999-01-01,1999-01-01,1999-01-01,2019-06-28,1999-01-01,1999-01-01,2019-10-07,2019-08-27,2019-08-09,2019-08-30,2019-08-14,2019-07-05,0,0,0,0,0,1,0,1,0,0,1,0,0,0,1,0,0,0,1,0,1,0,0,0,1,1,,,,,n2p,n2p,p2p,n2p,p2p,Life.Empty,Life.Empty,Life.Empty,Life.BearStart,Life.Bull,,
2020-02-14,0.63073,,,,,0.51473,0.42449,0.31893,0.23263,0.56987,0.51061,0.05926,0.0589,0.00035,0.059,,,,,,,,,,,,,,,,,,0.005,0.0,0.00901,0.0,,,,,,100.0,100.0,,,100.0,100.0,,,1.9186,1.958,2.821,0.9024,0.0394,0.863,1,1,1,,0.15,,,,,,,0,0,0,0,0,0,1999-01-01,1999-01-01,1999-01-01,1999-01-01,1999-01-01,1999-01-01,,,,,,0.313,0,0,0.309,0,0,2019-06-26,1999-01-01,1999-01-01,2019-06-28,1999-01-01,1999-01-01,40000,60000,24000,0.0,0.0,-75.2,0.061,0.066,0.0,0.059,0.053,100.0,0.05808,0.06222,0.0,0.0589,0.05609,100.0,0,0,0,91.946,100,100,0,0,0,97.802,100,100,97.65,97.722,97.789,97.571,97.566,97.717,2020-01-13,2019-10-11,1999-01-01,2020-02-14,2019-11-27,1999-01-01,94,7588,0,79,7635,0,1999-01-01,1999-01-01,1999-01-01,2019-07-03,1999-01-01,1999-01-01,1999-01-01,1999-01-01,1999-01-01,2019-06-28,1999-01-01,1999-01-01,2019-10-07,2019-08-27,2019-08-09,2019-08-30,2019-08-14,2019-07-05,0,0,0,0,0,1,0,1,0,0,0,0,0,0,1,0,0,0,1,0,1,0,0,0,1,1,,,,,n2p,n2p,p2p,n2p,p2p,Life.Empty,Life.Empty,Life.Empty,Life.BearStart,Life.Bull,,
2020-03-03,0.64167,,,,,0.52514,0.43334,0.32549,0.23678,0.5822,0.52094,0.06126,0.05937,0.00189,,,,,,,,,,,,,,,,,,,0.04,0.0,0.01151,0.0,,,,,,100.0,100.0,,,100.0,100.0,,,1.9656,1.9965,2.8836,0.918,0.0309,0.8871,1,1,1,,0.15,,,,,,,0,0,0,0,0,0,1999-01-01,1999-01-01,1999-01-01,1999-01-01,1999-01-01,1999-01-01,,,,,,0.313,0,0,0.309,0,0,2019-06-26,1999-01-01,1999-01-01,2019-06-28,1999-01-01,1999-01-01,60000,24000,10000,0.0,-75.2,-24.19,0.061,0.066,0.0,0.059,0.053,100.0,0.05808,0.06222,0.0,0.0589,0.05609,100.0,0,0,0,91.946,100,100,0,0,0,97.802,100,100,97.65,97.722,97.789,97.571,97.566,97.717,2020-01-13,2019-10-11,1999-01-01,2020-02-14,2019-11-27,1999-01-01,94,7588,0,79,7635,0,1999-01-01,1999-01-01,1999-01-01,2019-07-03,1999-01-01,1999-01-01,1999-01-01,1999-01-01,1999-01-01,2019-06-28,1999-01-01,1999-01-01,2019-10-07,2019-08-27,2019-08-09,2019-08-30,2019-08-14,2019-07-05,0,0,0,0,0,1,0,1,0,0,0,0,0,0,1,0,0,0,1,0,1,0,0,0,1,1,,,,,n2p,n2p,p2p,n2p,p2p,Life.Empty,Life.Empty,Life.Empty,Life.BearStart,Life.Bull,,
2020-03-04,0.65212,,,,,0.53667,0.44281,0.33241,0.24115,0.59647,0.53235,0.06413,0.06032,0.0038,,,,,,,,,,,,,,,,,,,0.025,0.0,0.01259,0.0,,,,,,100.0,100.0,,,100.0,100.0,,,2.0166,2.0426,2.9552,0.9386,0.026,0.9126,1,1,1,,0.15,,,,,,,0,0,0,0,0,0,1999-01-01,1999-01-01,1999-01-01,1999-01-01,1999-01-01,1999-01-01,,,,,,0.313,0,0,0.309,0,0,2019-06-26,1999-01-01,1999-01-01,2019-06-28,1999-01-01,1999-01-01,24000,10000,20000,-75.2,-24.19,-42.55,0.061,0.066,0.0,0.059,0.053,100.0,0.05808,0.06222,0.0,0.0589,0.05609,100.0,0,0,0,91.946,100,100,0,0,0,97.802,100,100,97.65,97.722,97.789,97.571,97.566,97.717,2020-01-13,2019-10-11,1999-01-01,2020-02-14,2019-11-27,1999-01-01,94,7588,0,79,7635,0,1999-01-01,1999-01-01,1999-01-01,2019-07-03,1999-01-01,1999-01-01,1999-01-01,1999-01-01,1999-01-01,2019-06-28,1999-01-01,1999-01-01,2019-10-07,2019-08-27,2019-08-09,2019-08-30,2019-08-14,2019-07-05,0,0,0,0,0,1,0,1,0,0,0,0,0,0,1,0,0,0,1,0,1,0,0,0,1,1,,,,,n2p,n2p,p2p,n2p,p2p,Life.Empty,Life.Empty,Life.Empty,Life.BearStart,Life.Bull,,
2020-08-14,0.66169,,,,,0.54731,0.45192,0.33919,0.24546,0.60856,0.54292,0.06564,0.06139,0.00425,,,,,,,,,,,,,,,,,,,0.0,0.0,0.01188,0.0,,,,,,100.0,100.0,,,100.0,100.0,,,2.0646,2.0812,3.0185,0.9539,0.0166,0.9373,1,1,1,,0.15,,,,,,,0,0,0,0,0,0,1999-01-01,1999-01-01,1999-01-01,1999-01-01,1999-01-01,1999-01-01,,,,,,0.313,0,0,0.309,0,0,2019-06-26,1999-01-01,1999-01-01,2019-06-28,1999-01-01,1999-01-01,10000,20000,200000,-24.19,-42.55,325.92,0.061,0.066,0.0,0.059,0.053,100.0,0.05808,0.06222,0.0,0.0589,0.05609,100.0,0,0,0,91.946,100,100,0,0,0,97.802,100,100,97.65,97.722,97.789,97.571,97.566,97.717,2020-01-13,2019-10-11,1999-01-01,2020-02-14,2019-11-27,1999-01-01,94,7588,0,79,7635,0,1999-01-01,1999-01-01,1999-01-01,2019-07-03,1999-01-01,1999-01-01,1999-01-01,1999-01-01,1999-01-01,2019-06-28,1999-01-01,1999-01-01,2019-10-07,2019-08-27,2019-08-09,2019-08-30,2019-08-14,2019-07-05,0,0,0,0,0,1,0,1,0,0,0,0,0,0,1,0,0,0,1,0,1,0,0,0,1,1,200000.0,,,,n2p,p2p,n2p,p2p,n2p,Life.Empty,Life.Empty,Life.Empty,Life.BearStart,Life.Bull,,
2020-08-17,0.67013,,,,,0.55751,0.46086,0.34594,0.24979,0.61955,0.55307,0.06648,0.06241,0.00407,,,,,,,,,,,,,,,,,,,0.005,0.0,0.01116,0.0,,,,,,100.0,100.0,,,100.0,100.0,,,2.1107,2.1157,3.0772,0.9665,0.005,0.9615,1,1,1,,0.15,,,,,,,0,0,0,0,0,0,1999-01-01,1999-01-01,1999-01-01,1999-01-01,1999-01-01,1999-01-01,,,,,,0.313,0,0,0.309,0,0,2019-06-26,1999-01-01,1999-01-01,2019-06-28,1999-01-01,1999-01-01,20000,200000,60000,-42.55,325.92,21.74,0.061,0.066,0.0,0.059,0.053,100.0,0.05808,0.06222,0.0,0.0589,0.05609,100.0,0,0,0,91.946,100,100,0,0,0,97.802,100,100,97.65,97.722,97.789,97.571,97.566,97.717,2020-01-13,2019-10-11,1999-01-01,2020-02-14,2019-11-27,1999-01-01,94,7588,0,79,7635,0,1999-01-01,1999-01-01,1999-01-01,2019-07-03,1999-01-01,1999-01-01,1999-01-01,1999-01-01,1999-01-01,2019-06-28,1999-01-01,1999-01-01,2019-10-07,2019-08-27,2019-08-09,2019-08-30,2019-08-14,2019-07-05,0,0,0,0,0,1,0,1,0,0,0,0,0,0,1,0,0,0,1,0,1,0,0,0,1,1,,,,,n2p,p2p,n2p,p2p,n2p,Life.Empty,Life.Empty,Life.Empty,Life.BearStart,Life.Bull,,
2020-08-19,0.67721,,,,,0.56694,0.46946,0.35256,0.25407,0.62885,0.56247,0.06637,0.0632,0.00318,,,,,,,,,,,,,,,,,,,0.0,0.0,0.00974,0.0,,,,,,100.0,100.0,,,100.0,100.0,,,2.1539,2.1438,3.1287,0.9748,-0.0101,0.9849,1,1,1,,0.15,,,,,,,0,0,0,0,0,0,1999-01-01,1999-01-01,1999-01-01,1999-01-01,1999-01-01,1999-01-01,,,,,,0.313,0,0,0.309,0,0,2019-06-26,1999-01-01,1999-01-01,2019-06-28,1999-01-01,1999-01-01,200000,60000,200000,325.92,21.74,64.29,0.061,0.066,0.0,0.059,0.053,100.0,0.05808,0.06222,0.0,0.0589,0.05609,100.0,0,0,0,91.946,100,100,0,0,0,97.802,100,100,97.65,97.722,97.789,97.571,97.566,97.717,2020-01-13,2019-10-11,1999-01-01,2020-02-14,2019-11-27,1999-01-01,94,7588,0,79,7635,0,1999-01-01,1999-01-01,1999-01-01,2019-07-03,1999-01-01,1999-01-01,1999-01-01,1999-01-01,1999-01-01,2019-06-28,1999-01-01,1999-01-01,2019-10-07,2019-08-27,2019-08-09,2019-08-30,2019-08-14,2019-07-05,0,0,0,0,0,1,0,1,0,0,0,0,0,0,1,0,0,0,1,0,1,0,0,0,1,1,,200000.0,,,p2p,n2p,p2p,n2p,p2p,Life.Empty,Life.Empty,Life.Empty,Life.BearStart,Life.Bull,,
2020-08-27,0.68282,,,,,0.57602,0.47791,0.35914,0.25835,0.63749,0.57155,0.06594,0.06375,0.00219,,0.066,,,,,,,,,,,,,,,,,0.005,0.0,0.00974,0.0,,,,,,100.0,100.0,,,100.0,100.0,,,2.1956,2.1688,3.1767,0.9811,-0.0268,1.0079,1,1,1,,0.15,,,,,,,0,0,0,0,0,0,1999-01-01,1999-01-01,1999-01-01,1999-01-01,1999-01-01,1999-01-01,,,,,,0.313,0,0,0.309,0,0,2019-06-26,1999-01-01,1999-01-01,2019-06-28,1999-01-01,1999-01-01,60000,200000,1092000,21.74,64.29,193.91,0.066,0.061,0.066,0.059,0.053,100.0,0.06375,0.05808,0.06222,0.0589,0.05609,100.0,0,0,0,91.946,100,100,0,0,0,97.802,100,100,97.65,97.722,97.789,97.571,97.566,97.717,2020-08-27,2020-01-13,2019-10-11,2020-02-14,2019-11-27,1999-01-01,227,94,7588,79,7635,0,1999-01-01,1999-01-01,1999-01-01,2019-07-03,1999-01-01,1999-01-01,1999-01-01,1999-01-01,1999-01-01,2019-06-28,1999-01-01,1999-01-01,2019-10-07,2019-08-27,2019-08-09,2019-08-30,2019-08-14,2019-07-05,0,0,0,0,0,1,0,1,0,1,0,0,0,0,1,0,0,0,1,0,1,0,0,0,1,1,,1092000.0,,,n2p,p2p,n2p,p2p,p2p,Life.Empty,Life.Empty,Life.Empty,Life.BearStart,Life.Bull,,
2020-08-28,0.68705,,,,,0.58479,0.48623,0.36569,0.26265,0.64557,0.58032,0.06524,0.06405,0.0012,,,,,,,,,,,,,,,,,,,0.005,0.0,0.00903,0.0,,,,,,100.0,100.0,,,100.0,100.0,,,2.2358,2.191,3.2214,0.9856,-0.0448,1.0304,1,1,1,,0.15,,,,,,,0,0,0,0,0,0,1999-01-01,1999-01-01,1999-01-01,1999-01-01,1999-01-01,1999-01-01,,,,,,0.313,0,0,0.309,0,0,2019-06-26,1999-01-01,1999-01-01,2019-06-28,1999-01-01,1999-01-01,200000,1092000,950000,64.29,193.91,65.83,0.066,0.061,0.066,0.059,0.053,100.0,0.06375,0.05808,0.06222,0.0589,0.05609,100.0,0,0,0,91.946,100,100,0,0,0,97.802,100,100,97.65,97.722,97.789,97.571,97.566,97.717,2020-08-27,2020-01-13,2019-10-11,2020-02-14,2019-11-27,1999-01-01,227,94,7588,79,7635,0,1999-01-01,1999-01-01,1999-01-01,2019-07-03,1999-01-01,1999-01-01,1999-01-01,1999-01-01,1999-01-01,2019-06-28,1999-01-01,1999-01-01,2019-10-07,2019-08-27,2019-08-09,2019-08-30,2019-08-14,2019-07-05,0,0,0,0,0,1,0,1,0,1,0,0,0,0,1,0,0,0,1,0,1,0,0,0,1,1,,,,,n2p,p2p,n2p,p2p,p2p,Life.Empty,Life.Empty,Life.Empty,Life.BearStart,Life.Bull,,
2020-09-01,0.69051,,,,,0.59288,0.49422,0.37211,0.2669,0.6524,0.58845,0.06395,0.06403,-7e-05,,,,,,,,,,,,,,,,,,,0.0,0.0,0.00857,0.0,,,,,,100.0,100.0,,,100.0,100.0,,,2.2732,2.2077,3.2598,0.9866,-0.0655,1.0521,1,1,1,,0.15,,,,,,,0,0,0,0,0,0,1999-01-01,1999-01-01,1999-01-01,1999-01-01,1999-01-01,1999-01-01,,,,,,0.313,0,0,0.309,0,0,2019-06-26,1999-01-01,1999-01-01,2019-06-28,1999-01-01,1999-01-01,1092000,950000,200000,193.91,65.83,0.0,0.066,0.061,0.066,0.059,0.053,100.0,0.06375,0.05808,0.06222,0.0589,0.05609,100.0,0,0,0,91.946,100,100,0,0,0,97.802,100,100,97.65,97.722,97.789,97.571,97.566,97.717,2020-08-27,2020-01-13,2019-10-11,2020-02-14,2019-11-27,1999-01-01,227,94,7588,79,7635,0,1999-01-01,1999-01-01,1999-01-01,2019-07-03,1999-01-01,1999-01-01,1999-01-01,1999-01-01,1999-01-01,2019-06-28,1999-01-01,1999-01-01,2019-10-07,2019-08-27,2019-08-09,2019-08-30,2019-08-14,2019-07-05,0,0,0,0,0,1,0,1,0,1,0,0,0,0,1,0,0,0,1,0,1,0,0,0,1,1,,,,,n2p,p2p,n2p,p2p,p2p,Life.Empty,Life.Empty,Life.Empty,Life.BearStart,Life.Bull,,
2020-09-02,0.69427,,,,,0.60073,0.50209,0.37851,0.27116,0.65896,0.59634,0.06262,0.06375,-0.00113,,,,,,,,,,,,,,,,,,,0.005,0.0,0.00857,0.0,,,,,,100.0,100.0,,,100.0,100.0,,,2.3093,2.2222,3.2957,0.9864,-0.0871,1.0735,1,1,1,,0.15,,,,,,,0,0,0,0,0,0,1999-01-01,1999-01-01,1999-01-01,1999-01-01,1999-01-01,1999-01-01,,,,,,0.313,0,0,0.309,0,0,2019-06-26,1999-01-01,1999-01-01,2019-06-28,1999-01-01,1999-01-01,950000,200000,200000,65.83,0.0,-39.79,0.066,0.061,0.066,0.059,0.053,100.0,0.06375,0.05808,0.06222,0.0589,0.05609,100.0,0,0,0,91.946,100,100,0,0,0,97.802,100,100,97.65,97.722,97.789,97.571,97.566,97.717,2020-08-27,2020-01-13,2019-10-11,2020-02-14,2019-11-27,1999-01-01,227,94,7588,79,7635,0,1999-01-01,1999-01-01,1999-01-01,2019-07-03,1999-01-01,1999-01-01,1999-01-01,1999-01-01,1999-01-01,2019-06-28,1999-01-01,1999-01-01,2019-10-07,2019-08-27,2019-08-09,2019-08-30,2019-08-14,2019-07-05,0,0,0,0,0,1,0,1,0,1,0,0,0,0,1,0,0,0,1,0,1,0,0,0,1,1,,,,,n2p,p2p,n2p,p2p,p2p,Life.Empty,Life.Empty,Life.Empty,Life.BearStart,Life.Bull,,
2020-09-25,0.69919,,,,,0.60799,0.50966,0.38478,0.27538,0.6645,0.60365,0.06085,0.06317,-0.00231,,,,,,,,,,,,,,,,,,,0.0,0.0,0.00679,0.0,,,,,,100.0,100.0,,,100.0,100.0,,,2.3428,2.2321,3.3261,0.9833,-0.1107,1.094,1,1,1,,0.15,,,,,,,0,0,0,0,0,0,1999-01-01,1999-01-01,1999-01-01,1999-01-01,1999-01-01,1999-01-01,,,,,,0.313,0,0,0.309,0,0,2019-06-26,1999-01-01,1999-01-01,2019-06-28,1999-01-01,1999-01-01,200000,200000,1082000,0.0,-39.79,9.78,0.066,0.061,0.066,0.059,0.053,100.0,0.06375,0.05808,0.06222,0.0589,0.05609,100.0,0,0,0,91.946,100,100,0,0,0,97.802,100,100,97.65,97.722,97.789,97.571,97.566,97.717,2020-08-27,2020-01-13,2019-10-11,2020-02-14,2019-11-27,1999-01-01,227,94,7588,79,7635,0,1999-01-01,1999-01-01,1999-01-01,2019-07-03,1999-01-01,1999-01-01,1999-01-01,1999-01-01,1999-01-01,2019-06-28,1999-01-01,1999-01-01,2019-10-07,2019-08-27,2019-08-09,2019-08-30,2019-08-14,2019-07-05,0,0,0,0,0,1,0,1,0,1,0,0,0,0,1,0,0,0,1,0,1,0,0,0,1,1,1082000.0,,,,p2p,n2p,p2p,p2p,n2p,Life.Empty,Life.Empty,Life.Empty,Life.BearStart,Life.Bull,,
2020-10-02,0.70569,,,,,0.61506,0.51712,0.39102,0.2796,0.66996,0.61079,0.05918,0.06237,-0.00319,,,,,,,,,,,,,,,,,,,0.005,0.0,0.00714,0.0,,,,,,100.0,100.0,,,100.0,100.0,,,2.3752,2.2404,3.3546,0.9794,-0.1348,1.1142,1,1,1,,0.15,,,,,,,0,0,0,0,0,0,1999-01-01,1999-01-01,1999-01-01,1999-01-01,1999-01-01,1999-01-01,,,,,,0.313,0,0,0.309,0,0,2019-06-26,1999-01-01,1999-01-01,2019-06-28,1999-01-01,1999-01-01,200000,1082000,40000,-39.79,9.78,-10.8,0.066,0.061,0.066,0.059,0.053,100.0,0.06375,0.05808,0.06222,0.0589,0.05609,100.0,0,0,0,91.946,100,100,0,0,0,97.802,100,100,97.65,97.722,97.789,97.571,97.566,97.717,2020-08-27,2020-01-13,2019-10-11,2020-02-14,2019-11-27,1999-01-01,227,94,7588,79,7635,0,1999-01-01,1999-01-01,1999-01-01,2019-07-03,1999-01-01,1999-01-01,1999-01-01,1999-01-01,1999-01-01,2019-06-28,1999-01-01,1999-01-01,2019-10-07,2019-08-27,2019-08-09,2019-08-30,2019-08-14,2019-07-05,0,0,0,0,0,1,0,1,0,1,0,0,0,0,1,0,0,0,1,0,1,0,0,0,1,1,,,,,p2p,n2p,p2p,p2p,n2p,Life.Empty,Life.Empty,Life.Empty,Life.BearStart,Life.Bull,,
2020-10-20,0.71387,,,,,0.6216,0.52429,0.39714,0.28379,0.67458,0.61739,0.05719,0.06133,-0.00414,,,,,,,,,,,,,,,,,,,0.0,0.0,0.00714,0.0,,,,,,100.0,100.0,,,100.0,100.0,,,2.405,2.2446,3.3781,0.9731,-0.1604,1.1335,1,1,1,,0.15,,,,,,,0,0,0,0,0,0,1999-01-01,1999-01-01,1999-01-01,1999-01-01,1999-01-01,1999-01-01,,,,,,0.313,0,0,0.309,0,0,2019-06-26,1999-01-01,1999-01-01,2019-06-28,1999-01-01,1999-01-01,1082000,40000,100000,9.78,-10.8,-7.56,0.066,0.061,0.066,0.059,0.053,100.0,0.06375,0.05808,0.06222,0.0589,0.05609,100.0,0,0,0,91.946,100,100,0,0,0,97.802,100,100,97.65,97.722,97.789,97.571,97.566,97.717,2020-08-27,2020-01-13,2019-10-11,2020-02-14,2019-11-27,1999-01-01,227,94,7588,79,7635,0,1999-01-01,1999-01-01,1999-01-01,2019-07-03,1999-01-01,1999-01-01,1999-01-01,1999-01-01,1999-01-01,2019-06-28,1999-01-01,1999-01-01,2019-10-07,2019-08-27,2019-08-09,2019-08-30,2019-08-14,2019-07-05,0,0,0,0,0,1,0,1,0,1,0,0,0,0,1,0,0,0,1,0,1,0,0,0,1,1,,,,,p2p,n2p,p2p,p2p,n2p,Life.Empty,Life.Empty,Life.Empty,Life.BearStart,Life.Bull,,
2020-10-30,0.72355,,,,,0.62763,0.53118,0.40313,0.28793,0.67849,0.62351,0.05498,0.06006,-0.00508,,,,,,,,,,,,,,,,,,,0.0,0.0,0.00679,0.0,,,,,,100.0,100.0,,,100.0,100.0,,,2.4325,2.245,3.397,0.9645,-0.1875,1.152,1,1,1,,0.15,,,,,,,0,0,0,0,0,0,1999-01-01,1999-01-01,1999-01-01,1999-01-01,1999-01-01,1999-01-01,,,,,,0.313,0,0,0.309,0,0,2019-06-26,1999-01-01,1999-01-01,2019-06-28,1999-01-01,1999-01-01,40000,100000,100000,-10.8,-7.56,-80.36,0.066,0.061,0.066,0.059,0.053,100.0,0.06375,0.05808,0.06222,0.0589,0.05609,100.0,0,0,0,91.946,100,100,0,0,0,97.802,100,100,97.65,97.722,97.789,97.571,97.566,97.717,2020-08-27,2020-01-13,2019-10-11,2020-02-14,2019-11-27,1999-01-01,227,94,7588,79,7635,0,1999-01-01,1999-01-01,1999-01-01,2019-07-03,1999-01-01,1999-01-01,1999-01-01,1999-01-01,1999-01-01,2019-06-28,1999-01-01,1999-01-01,2019-10-07,2019-08-27,2019-08-09,2019-08-30,2019-08-14,2019-07-05,0,0,0,0,0,1,0,1,0,1,0,0,0,0,1,0,0,0,1,0,1,0,0,0,1,1,,,,100000.0,n2p,p2p,p2p,n2p,n2n,Life.Empty,Life.Empty,Life.Empty,Life.BearStart,Life.Bull,,
2020-12-15,0.7343,,,,,0.6332,0.5378,0.40901,0.29203,0.6818,0.62918,0.05262,0.05857,-0.00595,0.053,,,,,,,,,,,,,,,,,,0.0,0.0,0.00643,0.0,,,,,,100.0,100.0,,,100.0,100.0,,,2.4577,2.2419,3.4117,0.954,-0.2158,1.1698,1,1,0,,,0.15,,,,,,0,0,0,0,0,0,1999-01-01,1999-01-01,1999-01-01,1999-01-01,1999-01-01,1999-01-01,,,,,,0.313,0,0,0.309,0,0,2019-06-26,1999-01-01,1999-01-01,2019-06-28,1999-01-01,1999-01-01,100000,100000,100000,-7.56,-80.36,25.0,0.066,0.061,0.066,0.053,0.059,0.053,0.06375,0.05808,0.06222,0.05857,0.0589,0.05609,0,0,0,91.946,100,100,0,0,0,97.802,100,100,97.65,97.722,97.789,97.571,97.566,97.717,2020-08-27,2020-01-13,2019-10-11,2020-12-15,2020-02-14,2019-11-27,227,94,7588,305,79,7635,1999-01-01,1999-01-01,1999-01-01,2019-07-03,1999-01-01,1999-01-01,1999-01-01,1999-01-01,1999-01-01,2019-06-28,1999-01-01,1999-01-01,2019-10-07,2019-08-27,2019-08-09,2019-08-30,2019-08-14,2019-07-05,0,0,0,0,0,1,0,1,0,1,1,0,0,0,1,0,0,0,1,0,1,0,0,0,1,1,100000.0,,,,p2p,p2p,n2p,n2n,n2p,Life.Empty,Life.Empty,Life.BearStart,Life.Bull,Life.BullRetrace,,
2020-12-18,0.74552,,,,,0.64372,0.54691,0.41616,0.29678,0.69537,0.63961,0.05576,0.05801,-0.00225,,,,,,,,,,,,,,,,,,,0.07,0.0,0.00857,0.0,,,,,,100.0,100.0,,,100.0,100.0,,,2.5013,2.2756,3.4694,0.9681,-0.2257,1.1938,1,1,1,,0.15,,,,,,,0,0,0,0,0,0,1999-01-01,1999-01-01,1999-01-01,1999-01-01,1999-01-01,1999-01-01,,,,,,0.313,0,0,0.309,0,0,2019-06-26,1999-01-01,1999-01-01,2019-06-28,1999-01-01,1999-01-01,100000,100000,8000,-80.36,25.0,-30.67,0.066,0.061,0.066,0.053,0.059,0.053,0.06375,0.05808,0.06222,0.05857,0.0589,0.05609,0,0,0,91.946,100,100,0,0,0,97.802,100,100,97.65,97.722,97.789,97.571,97.566,97.717,2020-08-27,2020-01-13,2019-10-11,2020-12-15,2020-02-14,2019-11-27,227,94,7588,305,79,7635,1999-01-01,1999-01-01,1999-01-01,2019-07-03,1999-01-01,1999-01-01,1999-01-01,1999-01-01,1999-01-01,2019-06-28,1999-01-01,1999-01-01,2019-10-07,2019-08-27,2019-08-09,2019-08-30,2019-08-14,2019-07-05,0,0,0,0,0,1,0,1,0,1,1,0,0,0,1,0,0,0,1,0,1,0,0,0,1,1,,,8000.0,,p2p,n2p,n2n,n2p,p2n,Life.Empty,Life.BearStart,Life.Bull,Life.BullRetrace,Life.Bull,,
2020-12-21,0.75647,,,,,0.6542,0.55605,0.42336,0.30159,0.70839,0.65001,0.05838,0.05809,0.0003,,,,,,,,,,,,,,,,,,,0.01,0.0,0.0075,0.0,,,,,,100.0,100.0,,,100.0,100.0,,,2.5446,2.3084,3.5261,0.9815,-0.2362,1.2177,1,1,1,,0.15,,,,,,,0,0,0,0,0,0,1999-01-01,1999-01-01,1999-01-01,1999-01-01,1999-01-01,1999-01-01,,,,,,0.313,0,0,0.309,0,0,2019-06-26,1999-01-01,1999-01-01,2019-06-28,1999-01-01,1999-01-01,100000,8000,28000,25.0,-30.67,-34.62,0.066,0.061,0.066,0.053,0.059,0.053,0.06375,0.05808,0.06222,0.05857,0.0589,0.05609,0,0,0,91.946,100,100,0,0,0,97.802,100,100,97.65,97.722,97.789,97.571,97.566,97.717,2020-08-27,2020-01-13,2019-10-11,2020-12-15,2020-02-14,2019-11-27,227,94,7588,305,79,7635,1999-01-01,1999-01-01,1999-01-01,2019-07-03,1999-01-01,1999-01-01,1999-01-01,1999-01-01,1999-01-01,2019-06-28,1999-01-01,1999-01-01,2019-10-07,2019-08-27,2019-08-09,2019-08-30,2019-08-14,2019-07-05,0,0,0,0,0,1,0,1,0,1,1,0,0,0,1,0,0,0,1,0,1,0,0,0,1,1,,,,,p2p,n2p,n2n,n2p,p2n,Life.Empty,Life.BearStart,Life.Bull,Life.BullRetrace,Life.Bull,,
2020-12-22,0.76649,,,,,0.66388,0.56483,0.43043,0.30635,0.71941,0.65964,0.05977,0.05842,0.00135,,,,,,,,,,,,,,,,,,,0.0,0.0,0.0075,0.0,,,,,,100.0,100.0,,,100.0,100.0,,,2.5848,2.3345,3.5753,0.9905,-0.2503,1.2408,1,1,1,,0.15,,,,,,,0,0,0,0,0,0,1999-01-01,1999-01-01,1999-01-01,1999-01-01,1999-01-01,1999-01-01,,,,,,0.313,0,0,0.309,0,0,2019-06-26,1999-01-01,1999-01-01,2019-06-28,1999-01-01,1999-01-01,8000,28000,2000,-30.67,-34.62,-72.06,0.066,0.061,0.066,0.053,0.059,0.053,0.06375,0.05808,0.06222,0.05857,0.0589,0.05609,0,0,0,91.946,100,100,0,0,0,97.802,100,100,97.65,97.722,97.789,97.571,97.566,97.717,2020-08-27,2020-01-13,2019-10-11,2020-12-15,2020-02-14,2019-11-27,227,94,7588,305,79,7635,1999-01-01,1999-01-01,1999-01-01,2019-07-03,1999-01-01,1999-01-01,1999-01-01,1999-01-01,1999-01-01,2019-06-28,1999-01-01,1999-01-01,2019-10-07,2019-08-27,2019-08-09,2019-08-30,2019-08-14,2019-07-05,0,0,0,0,0,1,0,1,0,1,1,0,0,0,1,0,0,0,1,0,1,0,0,0,1,1,,,,,p2p,n2p,n2n,n2p,p2n,Life.Empty,Life.BearStart,Life.Bull,Life.BullRetrace,Life.Bull,,
2020-12-28,0.77506,,,,,0.67358,0.57366,0.43755,0.31117,0.73027,0.66929,0.06097,0.05893,0.00204,,,,,,,,,,,,,,,,,,,0.01,0.0,0.00786,0.0,,,,,,100.0,100.0,,,100.0,100.0,,,2.6249,2.3603,3.6241,0.9992,-0.2646,1.2638,1,1,1,,0.15,,,,,,,0,0,0,0,0,0,1999-01-01,1999-01-01,1999-01-01,1999-01-01,1999-01-01,1999-01-01,,,,,,0.313,0,0,0.309,0,0,2019-06-26,1999-01-01,1999-01-01,2019-06-28,1999-01-01,1999-01-01,28000,2000,10000,-34.62,-72.06,5.26,0.066,0.061,0.066,0.053,0.059,0.053,0.06375,0.05808,0.06222,0.05857,0.0589,0.05609,0,0,0,91.946,100,100,0,0,0,97.802,100,100,97.65,97.722,97.789,97.571,97.566,97.717,2020-08-27,2020-01-13,2019-10-11,2020-12-15,2020-02-14,2019-11-27,227,94,7588,305,79,7635,1999-01-01,1999-01-01,1999-01-01,2019-07-03,1999-01-01,1999-01-01,1999-01-01,1999-01-01,1999-01-01,2019-06-28,1999-01-01,1999-01-01,2019-10-07,2019-08-27,2019-08-09,2019-08-30,2019-08-14,2019-07-05,0,0,0,0,0,1,0,1,0,1,1,0,0,0,1,0,0,0,1,0,1,0,0,0,1,1,10000.0,,,,n2p,n2n,n2p,p2n,n2p,Life.Empty,Life.BearStart,Life.Bull,Life.BullRetrace,Life.Bull,,
2021-01-11,0.78193,,,,,0.68254,0.58215,0.44453,0.31593,0.73946,0.67824,0.06122,0.05939,0.00183,,,,,,,,,,,,,,,,,,,0.0,0.0,0.00786,0.0,,,,,,100.0,100.0,,,100.0,100.0,,,2.6622,2.3801,3.6661,1.0039,-0.2821,1.286,1,1,1,,0.15,,,,,,,0,0,0,0,0,0,1999-01-01,1999-01-01,1999-01-01,1999-01-01,1999-01-01,1999-01-01,,,,,,0.313,0,0,0.309,0,0,2019-06-26,1999-01-01,1999-01-01,2019-06-28,1999-01-01,1999-01-01,2000,10000,10000,-72.06,5.26,-45.0,0.066,0.061,0.066,0.053,0.059,0.053,0.06375,0.05808,0.06222,0.05857,0.0589,0.05609,0,0,0,91.946,100,100,0,0,0,97.802,100,100,97.65,97.722,97.789,97.571,97.566,97.717,2020-08-27,2020-01-13,2019-10-11,2020-12-15,2020-02-14,2019-11-27,227,94,7588,305,79,7635,1999-01-01,1999-01-01,1999-01-01,2019-07-03,1999-01-01,1999-01-01,1999-01-01,1999-01-01,1999-01-01,2019-06-28,1999-01-01,1999-01-01,2019-10-07,2019-08-27,2019-08-09,2019-08-30,2019-08-14,2019-07-05,0,0,0,0,0,1,0,1,0,1,1,0,0,0,1,0,0,0,1,0,1,0,0,0,1,1,,,10000.0,,n2n,n2p,p2n,n2p,p2n,Life.Empty,Life.BearStart,Life.Bull,Life.BullRetrace,Life.Bull,,
2021-01-18,0.78747,,,,,0.6908,0.5903,0.45137,0.32065,0.74723,0.68651,0.06072,0.05966,0.00106,,,,,,,,,,,,,,,,,,,0.0,0.0,0.0075,0.0,,,,,,100.0,100.0,,,100.0,100.0,,,2.6965,2.3943,3.7015,1.005,-0.3022,1.3072,1,1,1,,0.15,,,,,,,0,0,0,0,0,0,1999-01-01,1999-01-01,1999-01-01,1999-01-01,1999-01-01,1999-01-01,,,,,,0.313,0,0,0.309,0,0,2019-06-26,1999-01-01,1999-01-01,2019-06-28,1999-01-01,1999-01-01,10000,10000,1000,5.26,-45.0,-4.55,0.066,0.061,0.066,0.053,0.059,0.053,0.06375,0.05808,0.06222,0.05857,0.0589,0.05609,0,0,0,91.946,100,100,0,0,0,97.802,100,100,97.65,97.722,97.789,97.571,97.566,97.717,2020-08-27,2020-01-13,2019-10-11,2020-12-15,2020-02-14,2019-11-27,227,94,7588,305,79,7635,1999-01-01,1999-01-01,1999-01-01,2019-07-03,1999-01-01,1999-01-01,1999-01-01,1999-01-01,1999-01-01,2019-06-28,1999-01-01,1999-01-01,2019-10-07,2019-08-27,2019-08-09,2019-08-30,2019-08-14,2019-07-05,0,0,0,0,0,1,0,1,0,1,1,0,0,0,1,0,0,0,1,0,1,0,0,0,1,1,,,,,n2n,n2p,p2n,n2p,p2n,Life.Empty,Life.BearStart,Life.Bull,Life.BullRetrace,Life.Bull,,
